miRNA	SRR34661416	SRR34661417	SRR34661418	SRR34661419	SRR34661420	SRR34661421	SRR34661422	SRR34661423	SRR34661424	SRR34661425	SRR34661426	SRR34661427	SRR34661428	SRR34661429	SRR34661430	SRR34661431	SRR34661432	SRR34661433	SRR34661434	SRR34661435	SRR34661436	SRR34661437	SRR34661438	SRR34661439	SRR34661440	SRR34661441	SRR34661442	SRR34661443
mmu-let-7g-5p	2686	1716	776	1445	2725	1655	1950	1401	40474	47851	54250	76339	25485	11509	68189	54359	5835	11827	8681	9549	4798	8812	7763	11613	8296	2320	6278	3341
mmu-let-7g-3p	0	0	0	0	0	0	0	0	0	0	1	0	0	0	0	1	2	1	1	5	0	0	0	0	0	0	2	2
mmu-let-7i-5p	7450	5088	2436	3894	5009	4578	4908	2955	11300	11183	15499	16805	6124	3953	13869	10901	1402	2853	2047	2271	1223	2314	1584	2706	1963	401	1329	1075
mmu-let-7i-3p	5	10	0	2	6	0	4	12	3	8	8	17	0	5	9	8	6	20	20	14	9	29	14	34	17	3	26	15
mmu-miR-1a-1-5p	1	0	0	0	0	0	0	1	0	4	0	0	0	0	0	1	0	0	1	2	1	0	0	0	4	0	0	0
mmu-miR-1a-3p	3474	9582	1062	1056	2302	1893	1674	7918	3006	3115	2110	4583	469	199	7269	8621	319	1506	1710	2110	1424	853	1561	1790	5875	286	1221	4220
mmu-miR-15b-5p	4333	2918	744	1677	5203	1855	3431	2275	12322	19603	17798	21957	24541	18843	22616	12892	14424	20667	22147	18012	15148	19858	25256	34998	18618	2658	18767	3542
mmu-miR-15b-3p	18	11	1	9	32	3	26	6	5	13	32	37	11	4	25	14	33	56	38	28	38	49	51	58	40	5	30	25
mmu-miR-23b-5p	1	4	0	0	0	0	0	0	0	0	0	0	0	0	0	0	2	4	5	2	1	2	6	2	0	0	0	0
mmu-miR-23b-3p	289	185	126	165	303	219	262	170	334	465	486	543	394	172	691	450	801	1452	1438	1662	763	1032	1142	1444	1794	207	1039	350
mmu-miR-27b-5p	0	0	0	0	0	0	0	0	30	9	23	24	10	4	50	42	1	7	0	2	2	2	0	3	3	0	2	4
mmu-miR-27b-3p	1800	1293	158	559	2253	1259	1110	985	130	293	265	433	152	70	430	287	975	1951	1629	1440	622	1231	1009	1405	1927	279	1143	849
mmu-miR-29b-1-5p	0	0	0	0	0	0	0	0	0	0	8	8	0	0	1	3	0	1	0	0	1	2	3	1	4	0	0	1
mmu-miR-29b-3p	528	509	34	138	1001	490	471	478	533	1994	2416	3424	512	328	4389	3675	1035	2615	1702	1797	699	2047	1008	1593	2228	576	2619	1630
mmu-miR-30a-5p	6149	4378	838	2121	7678	4219	5038	5257	4855	5389	6839	8376	5134	2808	9324	7979	3839	5674	5377	4261	2519	5813	3338	6483	6712	831	5878	1522
mmu-miR-30a-3p	1222	961	308	691	1759	907	1114	838	2014	2243	2267	3471	1924	846	3311	2375	537	971	874	743	398	993	861	1145	1067	170	894	550
mmu-miR-30b-5p	2724	1487	187	559	4789	1259	1634	2309	867	2584	2766	2929	2498	1690	3220	2130	5882	7616	8569	4233	3092	7612	6983	9532	8127	954	8048	882
mmu-miR-30b-3p	25	17	8	19	26	30	43	42	41	56	66	87	31	24	84	71	13	17	4	10	6	6	16	27	5	1	15	7
mmu-miR-99a-5p	792	663	243	472	972	866	779	715	2028	1685	2603	2212	721	406	4186	3915	604	1397	1320	2730	627	1100	1595	1431	1800	474	1297	1786
mmu-miR-99a-3p	0	0	0	0	2	0	0	0	1	0	2	3	0	0	4	7	0	0	0	0	0	0	0	0	0	0	0	2
mmu-miR-99b-5p	735	732	802	444	595	1078	610	634	1008	856	901	1586	708	401	1152	1160	141	312	313	520	209	210	316	437	539	58	246	333
mmu-miR-99b-3p	15	12	20	25	14	16	17	5	22	21	13	18	22	10	22	23	1	14	6	8	2	0	5	1	3	1	7	8
mmu-miR-101a-5p	0	0	0	0	0	0	0	0	0	1	2	0	0	0	1	1	0	1	2	4	1	0	0	1	6	0	2	5
mmu-miR-101a-3p	187	146	5	21	283	136	132	160	3	47	37	69	29	21	78	51	168	547	347	360	137	365	226	288	566	108	765	255
mmu-miR-124-5p	0	3	0	0	0	3	1	1	3	1	0	1	2	1	0	1	1	0	4	1	4	1	0	1	1	0	2	3
mmu-miR-124-3p	14	3	4	2	9	7	18	4	110	110	100	111	394	157	167	95	349	279	477	211	233	308	408	458	237	56	324	36
mmu-miR-125a-5p	2309	2547	4090	1731	2041	3589	2343	1422	1921	2016	2100	3447	1272	759	3056	2793	581	1888	1520	3852	1850	1446	1569	1949	2898	422	1233	1750
mmu-miR-125a-3p	7	2	12	6	4	8	3	6	76	49	63	68	56	25	59	53	1	8	2	9	0	4	3	8	7	5	6	11
mmu-miR-125b-5p	13509	19830	16984	11517	20730	30134	18917	13817	7175	11563	10679	17684	3577	2446	19661	14233	4265	10736	9061	21511	12028	10322	9424	13897	16649	2787	8010	11903
mmu-miR-125b-2-3p	54	43	31	54	43	45	40	31	9	16	24	24	5	5	18	21	16	46	20	37	14	29	23	30	62	8	40	42
mmu-miR-126a-5p	1247	144	37	95	226	432	145	173	202	382	307	596	181	76	636	445	108	205	231	367	102	102	123	193	725	25	108	55
mmu-miR-126a-3p	10614	1701	718	1773	2259	7936	1942	2053	3793	3392	3366	3947	1353	690	5383	3695	564	909	1079	2095	525	540	577	944	3527	134	435	342
mmu-miR-127-5p	4	0	0	0	2	5	2	1	1	2	0	0	0	0	2	3	1	0	0	3	2	2	0	1	2	0	0	2
mmu-miR-127-3p	201	158	97	107	159	237	153	93	298	140	129	173	141	46	148	154	32	50	102	92	44	49	193	411	126	6	32	45
mmu-miR-128-1-5p	4	2	4	1	0	2	2	1	3	1	2	0	0	0	0	0	0	1	0	0	1	1	1	2	2	0	2	1
mmu-miR-128-3p	1575	1345	429	1079	1902	815	1377	963	479	741	727	1005	881	734	868	546	1874	2267	2291	1838	1344	2036	2001	3075	1711	363	1681	511
mmu-miR-130a-5p	0	0	0	0	0	0	3	4	1	4	1	2	2	0	1	0	2	6	4	0	0	2	0	1	2	1	2	0
mmu-miR-130a-3p	792	578	329	394	1122	886	830	874	3647	7455	5606	7932	6224	4139	7070	5441	922	1598	1589	1166	796	1174	1327	1812	1853	229	1824	313
mmu-miR-9-5p	609	319	60	147	531	173	305	119	48	98	104	140	111	82	145	89	467	886	710	581	323	722	472	987	728	157	608	350
mmu-miR-9-3p	121	56	17	19	88	35	51	26	77	164	124	142	265	138	153	91	271	287	307	168	139	309	234	341	226	53	291	60
mmu-miR-132-5p	8	4	0	7	10	2	5	2	6	5	11	8	13	2	14	6	32	21	20	32	17	33	37	52	23	5	24	7
mmu-miR-132-3p	1	0	0	5	0	2	0	1	10	14	19	9	9	9	21	13	11	32	55	46	31	57	52	82	44	2	43	12
mmu-miR-133a-5p	0	0	0	0	0	0	0	0	0	0	0	0	0	0	0	0	0	0	0	0	0	0	0	2	0	0	0	2
mmu-miR-133a-3p	46	146	23	17	18	24	28	60	13	16	20	25	6	1	45	52	40	97	189	142	148	54	105	96	496	8	83	45
mmu-miR-134-5p	34	13	31	16	15	65	23	10	3	5	7	4	2	0	9	5	2	7	13	2	1	2	18	31	3	1	2	1
mmu-miR-134-3p	0	0	0	0	0	0	0	0	0	0	0	0	0	0	0	0	0	1	1	0	0	0	0	0	0	0	0	0
mmu-miR-135a-5p	8	7	5	7	12	12	18	7	3	8	14	7	15	10	10	12	308	525	401	307	143	379	281	477	477	88	432	199
mmu-miR-135a-1-3p	0	0	0	0	0	0	4	2	0	1	1	1	0	0	1	0	0	0	0	0	0	0	2	0	0	0	1	0
mmu-miR-136-5p	0	0	0	0	0	0	4	1	0	2	0	0	0	0	1	2	1	7	3	6	0	2	10	1	5	0	5	1
mmu-miR-136-3p	2	1	0	2	9	0	2	1	0	3	1	3	2	0	0	3	0	2	2	11	0	5	6	12	5	1	3	5
mmu-miR-137-5p	0	0	0	0	0	0	0	0	0	1	0	0	0	0	1	0	0	2	0	1	0	0	0	0	1	0	0	1
mmu-miR-137-3p	7	4	0	0	18	13	8	5	23	29	73	72	12	14	178	148	13	128	104	120	71	55	16	18	287	17	61	16
mmu-miR-138-5p	11	1	10	7	0	2	4	0	86	106	91	103	89	45	132	166	24	39	24	20	9	17	30	16	23	1	33	17
mmu-miR-138-2-3p	3	0	6	1	0	0	0	0	0	2	0	2	0	2	1	2	6	3	2	1	3	7	6	1	1	2	5	0
mmu-miR-140-5p	47	26	20	4	67	28	77	34	21	71	63	75	35	17	56	43	77	103	115	59	51	102	58	115	114	13	122	18
mmu-miR-140-3p	1062	806	360	638	912	672	927	545	87	275	195	261	184	250	200	119	249	299	356	216	196	315	222	409	268	31	264	73
mmu-miR-141-5p	26	61	0	25	77	28	24	44	53	64	101	146	36	21	175	175	9	65	17	27	32	47	6	21	8	13	19	35
mmu-miR-141-3p	1048	1377	89	431	2692	2099	1564	1559	2571	5881	7613	10454	2201	989	13755	12641	1316	3968	2374	3247	927	2883	1381	2298	3174	805	4322	2190
mmu-miR-142a-5p	158	242	44	22	397	157	176	308	102	1337	729	1816	369	651	1738	383	502	835	1062	369	350	698	729	639	786	159	1510	86
mmu-miR-142a-3p	188	154	15	16	245	120	122	116	111	948	731	1571	223	224	1478	389	758	1390	1619	609	550	1390	1066	1178	1037	258	1608	147
mmu-miR-144-5p	132	132	17	18	130	77	123	279	4	17	33	29	1	13	19	2	222	159	580	65	276	730	397	708	138	16	43	45
mmu-miR-144-3p	3	4	0	0	10	2	0	3	19	353	599	673	211	389	471	94	95	56	225	25	86	210	165	100	54	3	72	12
mmu-miR-145a-5p	1600	1840	1539	1310	3737	2405	2255	2820	8876	4949	4335	7311	1654	1194	10778	8042	1246	5320	8538	6979	3612	2674	2821	2142	13633	765	2769	1942
mmu-miR-145a-3p	6	8	0	0	30	6	12	9	37	27	22	71	12	3	136	80	18	144	119	129	47	55	34	36	227	12	43	29
mmu-miR-146a-5p	2001	2193	1115	979	2054	2035	1015	1569	246	602	525	839	72	58	712	441	372	673	481	684	455	571	750	579	565	131	475	334
mmu-miR-146a-3p	0	0	0	0	0	0	0	0	0	0	0	0	0	0	0	0	0	0	0	0	0	0	0	0	0	0	0	0
mmu-miR-149-5p	15	3	10	8	18	4	6	19	96	54	60	103	90	23	114	93	18	19	41	56	30	32	67	71	51	2	20	10
mmu-miR-149-3p	0	0	0	0	0	0	0	0	0	0	0	0	0	0	0	0	0	0	0	0	0	0	0	0	1	0	0	0
mmu-miR-150-5p	594	664	570	304	465	344	181	422	1498	3370	1432	5077	477	918	2398	446	491	560	888	633	1799	1156	1837	1179	684	192	536	219
mmu-miR-150-3p	3	2	0	0	4	0	0	0	5	9	4	15	0	2	6	0	0	0	0	1	0	0	0	0	1	0	2	0
mmu-miR-151-5p	283	246	53	80	515	320	291	504	12828	11604	8504	13722	22208	9243	10617	7622	610	764	1114	700	482	712	1629	1275	910	126	1106	138
mmu-miR-151-3p	34	34	22	6	28	33	19	19	18	21	37	35	31	17	53	50	28	52	32	73	25	46	51	71	37	8	64	54
mmu-miR-152-5p	18	2	0	3	13	4	0	7	0	0	0	1	1	0	1	0	3	6	3	9	3	2	6	7	5	1	5	6
mmu-miR-152-3p	702	641	143	190	1336	1352	494	743	14	72	58	92	9	12	80	75	201	761	421	554	318	474	347	579	676	173	442	497
mmu-miR-153-5p	0	0	0	0	0	0	0	1	0	1	2	0	0	0	1	0	0	1	2	0	3	2	3	0	1	0	1	1
mmu-miR-153-3p	0	3	0	0	0	0	1	0	0	4	0	0	1	1	1	1	1	6	8	3	3	7	1	9	8	2	17	1
mmu-miR-154-5p	4	1	6	2	7	0	10	3	41	36	34	40	22	13	67	51	6	21	23	16	3	8	19	33	11	2	15	1
mmu-miR-154-3p	0	0	0	0	0	0	0	0	0	1	0	0	1	1	1	0	1	1	1	0	0	0	7	8	2	1	1	0
mmu-miR-155-5p	157	112	40	74	129	123	110	71	639	1100	942	1333	144	122	1400	706	77	188	155	164	108	177	138	195	146	40	103	116
mmu-miR-155-3p	0	0	0	0	0	0	0	0	0	0	0	0	0	0	0	0	0	0	0	0	0	0	0	0	0	0	0	0
mmu-miR-10b-5p	4524	4334	1901	3238	6930	5168	4502	4870	7879	11852	16982	19397	4228	2257	27431	22536	2475	6195	5421	10895	2720	5571	5159	6691	9446	1870	5869	8886
mmu-miR-10b-3p	90	117	43	56	186	130	113	101	41	77	111	148	28	14	158	129	10	48	36	69	24	53	20	55	61	17	37	47
mmu-miR-129-5p	53	21	4	13	9	10	9	11	10	10	7	14	22	5	12	13	6	3	3	10	5	0	4	0	1	0	1	1
mmu-miR-129-1-3p	0	0	0	0	0	0	0	0	1	0	2	0	0	0	3	0	0	4	0	0	2	0	0	1	0	0	0	0
mmu-miR-181a-5p	145	103	69	62	108	109	58	66	384	282	182	352	168	84	377	280	32	128	203	260	118	78	152	106	204	21	113	103
mmu-miR-181a-2-3p	1	3	0	1	0	10	3	1	6	5	6	16	8	6	5	6	0	5	4	2	2	9	3	6	2	0	2	4
mmu-miR-182-5p	2976	2737	1431	2189	4304	4252	2578	1877	2192	4509	4212	5796	607	581	8810	5675	737	1758	1021	1710	929	1695	1312	1977	1506	467	1260	1406
mmu-miR-182-3p	0	0	0	0	0	0	0	0	0	0	0	0	0	0	0	0	1	1	1	1	0	1	2	1	3	0	0	6
mmu-miR-183-5p	1088	947	481	868	1419	940	865	514	403	586	668	868	137	108	1238	870	353	562	568	659	462	628	677	957	573	141	515	419
mmu-miR-183-3p	3	1	5	5	4	1	2	5	146	191	230	291	25	26	393	295	9	7	4	12	9	7	16	18	8	0	5	7
mmu-miR-184-5p	2	0	0	1	1	1	0	0	1	1	0	4	0	0	1	0	0	0	5	1	1	1	1	1	1	0	2	0
mmu-miR-184-3p	11536	8177	8766	8992	9148	6909	11859	4955	3550	3220	2248	2410	6143	2393	2201	1469	4673	5014	5389	4141	3636	5264	5784	6783	4388	744	4133	1553
mmu-miR-185-5p	163	111	88	97	120	142	121	103	703	935	964	1025	664	310	1236	968	155	184	190	139	106	145	150	226	144	31	122	204
mmu-miR-185-3p	0	0	0	0	0	0	0	0	0	1	0	1	0	0	1	1	0	0	0	0	0	0	3	2	0	1	0	0
mmu-miR-186-5p	82	31	14	25	64	45	72	52	57	128	246	218	96	110	187	132	227	232	306	134	96	306	213	306	211	44	201	58
mmu-miR-186-3p	6	17	0	8	14	15	14	9	0	0	1	1	0	0	1	0	4	10	16	9	5	10	8	12	7	4	10	6
mmu-miR-187-5p	6	4	4	0	0	1	0	0	1	1	0	1	0	0	4	3	0	1	1	1	0	0	3	1	0	0	0	2
mmu-miR-187-3p	108	104	44	45	104	153	140	129	447	555	889	941	107	74	984	886	20	110	53	81	24	73	34	60	80	22	61	96
mmu-miR-188-5p	0	0	0	0	0	5	3	1	0	0	0	2	0	0	0	0	0	0	3	0	0	0	0	0	1	0	0	0
mmu-miR-188-3p	0	0	0	0	0	0	0	0	0	0	0	0	0	0	0	0	0	2	1	0	0	1	3	1	0	0	0	0
mmu-miR-24-1-5p	0	0	0	0	0	1	0	0	0	0	0	0	0	0	0	0	0	0	0	0	0	0	0	0	0	0	0	0
mmu-miR-24-3p	315	204	163	145	327	335	239	256	589	965	1011	1444	316	221	1417	1157	339	884	814	980	563	615	415	711	1412	140	545	618
mmu-miR-190a-5p	3	3	0	2	13	10	11	2	0	1	1	0	0	2	1	2	52	125	97	74	24	67	45	49	101	26	134	11
mmu-miR-190a-3p	0	0	0	0	0	2	0	0	0	0	0	1	0	0	0	1	3	2	1	0	2	8	4	6	5	0	2	1
mmu-miR-191-5p	79782	77420	60912	71754	92323	69505	83785	60091	80990	113265	73517	116780	167842	91725	97812	65874	37439	37965	41566	31724	31983	40499	44123	62441	30343	6576	30963	5706
mmu-miR-191-3p	28	29	17	29	41	10	34	16	22	26	36	45	36	22	48	32	57	120	88	83	55	129	65	163	68	14	62	33
mmu-miR-193a-5p	17	22	28	32	21	38	20	20	46	86	110	135	9	13	130	98	2	18	3	24	31	15	14	18	13	5	13	32
mmu-miR-193a-3p	0	3	0	0	0	0	0	3	0	0	0	0	0	0	1	0	0	3	0	3	0	0	1	0	1	1	1	0
mmu-miR-194-5p	483	323	126	243	449	287	432	263	88	166	122	178	150	136	186	107	648	1050	970	581	510	913	736	1267	848	116	843	244
mmu-miR-194-1-3p	0	0	0	0	0	0	0	0	0	0	0	0	0	0	0	0	0	0	0	0	0	0	0	0	0	0	0	0
mmu-miR-195a-5p	614	287	160	325	393	256	339	185	155	331	256	315	374	246	482	339	967	1467	1129	1000	692	1085	1147	1450	1017	222	965	253
mmu-miR-195a-3p	11	0	0	0	6	7	1	4	0	2	3	2	0	0	6	2	4	10	7	10	2	5	7	5	2	0	6	0
mmu-miR-199a-5p	110	70	16	58	149	147	97	109	86	196	160	222	55	36	246	178	95	368	159	203	49	114	203	129	279	47	217	79
mmu-miR-199a-3p	0	0	0	0	0	0	0	0	0	0	0	0	0	0	0	0	0	0	0	0	0	0	0	0	0	0	0	0
mmu-miR-200b-5p	80	154	102	82	149	120	109	126	220	240	246	375	42	47	464	352	33	99	69	121	80	72	70	118	83	22	65	165
mmu-miR-200b-3p	1005	1425	276	718	2850	2115	1376	1606	1932	2886	5802	4947	379	311	6063	4949	2136	6291	3891	6082	2880	6037	3279	6800	4591	1573	4836	5271
mmu-miR-201-5p	1	0	0	0	0	2	0	0	0	1	1	0	2	0	2	1	3	13	1	3	1	4	4	1	4	0	1	2
mmu-miR-201-3p	0	0	0	0	0	0	0	0	0	1	0	0	0	1	0	0	1	0	0	0	0	0	0	0	0	0	0	0
mmu-miR-202-5p	49	11	0	5	36	11	17	5	1	8	2	13	11	4	7	7	93	135	64	79	17	102	76	53	106	12	106	83
mmu-miR-202-3p	46	26	18	16	12	19	10	10	60	175	37	66	298	76	82	62	24	17	25	29	20	21	38	19	15	1	14	17
mmu-miR-203-5p	0	0	0	0	0	0	0	0	0	0	0	0	0	0	0	0	0	0	0	0	0	0	0	0	0	0	0	0
mmu-miR-203-3p	836	530	167	399	758	855	593	705	37	73	120	141	34	17	143	134	184	405	482	439	129	245	416	391	471	80	273	305
mmu-miR-204-5p	18	11	2	13	19	31	16	10	24	18	16	25	41	7	14	30	30	42	46	40	22	52	62	84	64	4	50	31
mmu-miR-204-3p	0	2	0	2	6	1	0	0	15	1	5	10	18	3	0	3	2	0	0	1	4	1	0	2	3	1	1	0
mmu-miR-205-5p	203	300	103	230	319	266	320	313	399	625	724	902	132	127	1543	1538	399	875	725	2057	438	792	707	869	1523	226	997	2328
mmu-miR-205-3p	4	0	0	2	0	1	1	0	9	15	16	17	2	2	15	16	0	4	1	0	1	5	0	1	0	1	0	4
mmu-miR-206-5p	0	0	0	0	0	0	0	0	0	0	0	0	0	0	0	0	0	0	0	0	0	0	0	0	0	0	0	0
mmu-miR-206-3p	786	3172	791	429	128	177	267	1911	83	85	4	50	8	0	13	885	10	55	46	14	122	8	230	186	238	3	62	1692
mmu-miR-207	0	0	0	0	0	0	0	0	0	0	0	0	0	0	0	0	0	0	0	0	0	0	0	0	0	0	0	0
mmu-miR-122-5p	2736	3131	1202	1142	1344	5500	5321	2450	24195	3837	4387	10159	5202	3163	4966	1595	35	1211	188	328	91	56	1085	1257	500	117	229	570
mmu-miR-122-3p	1	1	0	0	0	1	0	0	8	2	2	4	7	3	4	1	0	11	4	4	0	1	5	7	3	1	3	4
mmu-miR-143-5p	44	63	6	8	77	93	41	58	0	3	0	8	0	0	6	4	16	132	163	125	107	77	23	38	467	17	51	39
mmu-miR-143-3p	13725	9740	4668	6609	14560	12780	12280	6567	85332	33675	19304	40443	10207	4973	83006	53092	4277	20146	24043	20171	7486	9115	6148	6939	42090	2655	9213	1997
mmu-miR-30e-5p	1772	1080	134	416	2447	1100	1131	1476	869	1884	1694	2487	2300	1445	2976	2145	2250	3232	3419	1705	1315	3164	2096	3535	3483	531	4040	586
mmu-miR-30e-3p	646	487	118	272	990	422	515	539	958	1309	1083	1939	1393	663	1689	1045	417	768	694	445	306	749	640	893	867	121	701	255
mmu-miR-290a-5p	0	0	0	0	0	0	0	0	0	0	0	0	0	1	1	0	1	2	0	0	0	0	0	9	0	0	0	0
mmu-miR-290a-3p	0	0	0	0	0	0	0	0	0	0	0	0	0	0	0	0	0	0	0	0	0	0	0	0	0	0	0	0
mmu-miR-291a-5p	0	3	0	0	1	6	0	0	3	3	1	3	8	5	3	1	4	0	3	8	1	3	3	11	1	0	2	0
mmu-miR-291a-3p	0	0	0	0	0	0	0	0	0	0	0	1	0	0	0	0	0	0	1	1	0	1	0	3	0	0	4	0
mmu-miR-292a-5p	18	5	8	7	0	2	6	1	9	6	3	5	17	8	6	2	22	24	22	16	14	26	22	128	21	1	21	4
mmu-miR-292a-3p	2	0	0	0	0	0	4	1	2	6	5	2	12	9	3	2	1	1	8	5	3	12	14	16	5	1	8	2
mmu-miR-293-5p	0	0	0	0	6	5	5	2	0	0	1	0	0	0	0	1	16	38	21	17	13	39	22	49	41	8	48	4
mmu-miR-293-3p	3	0	0	0	0	0	0	0	95	141	94	120	217	121	105	64	4	6	10	2	3	3	2	4	4	1	7	1
mmu-miR-294-5p	0	0	0	0	0	0	0	0	1	0	2	0	1	2	0	0	3	1	0	0	0	4	2	2	3	0	1	0
mmu-miR-294-3p	0	2	0	6	0	0	0	0	6	23	12	14	30	11	10	9	12	17	22	18	13	22	26	68	17	7	25	9
mmu-miR-295-5p	0	0	0	0	0	0	0	0	0	0	0	0	0	0	0	0	0	0	2	0	0	1	0	0	1	0	0	0
mmu-miR-295-3p	10	3	0	2	0	4	2	1	0	0	0	1	0	0	1	0	61	77	77	36	20	87	77	158	78	12	53	8
mmu-miR-296-5p	228	180	189	69	135	90	166	53	71	151	68	115	251	252	98	56	537	743	631	807	1008	906	1377	1268	641	156	831	168
mmu-miR-296-3p	34	18	11	30	14	34	21	21	2	8	9	10	22	16	3	1	10	4	9	19	3	12	32	5	14	5	19	11
mmu-miR-297a-5p	0	0	0	0	0	2	0	0	3	5	2	4	5	2	11	4	1	2	3	3	2	1	1	5	4	0	7	0
mmu-miR-298-5p	127	118	162	77	78	88	95	36	75	45	24	38	207	81	47	26	51	29	72	41	38	42	63	67	35	4	45	18
mmu-miR-298-3p	0	0	0	0	0	0	0	0	0	0	0	0	1	0	0	0	0	0	0	0	0	0	0	3	4	1	0	0
mmu-miR-299a-5p	2	2	14	1	4	7	7	12	13	27	29	59	16	10	53	60	9	25	13	35	18	19	19	63	36	6	19	3
mmu-miR-299a-3p	13	8	0	8	7	13	20	3	6	5	11	4	10	1	9	6	2	3	3	3	1	2	8	7	5	1	3	0
mmu-miR-300-5p	0	3	0	0	0	0	0	1	0	0	1	0	2	0	1	0	0	0	0	0	0	0	0	2	0	0	0	1
mmu-miR-300-3p	19	18	15	5	8	13	10	4	14	10	19	26	15	9	26	18	10	11	12	4	7	3	20	63	18	0	8	4
mmu-miR-301a-5p	0	5	0	0	15	4	3	4	0	1	0	2	1	0	0	0	9	22	15	12	5	16	11	32	14	2	16	2
mmu-miR-301a-3p	179	121	19	39	299	149	142	176	4	70	45	59	64	46	80	42	588	774	1028	464	303	670	841	703	964	147	1444	118
mmu-miR-302a-5p	0	0	0	0	0	0	0	0	0	0	0	0	0	0	0	0	0	0	0	0	0	0	0	0	0	0	0	0
mmu-miR-302a-3p	0	0	0	0	0	0	0	0	0	0	2	0	0	0	0	0	0	0	0	0	0	0	0	0	0	0	0	0
mmu-miR-34c-5p	14101	5326	2367	4607	6676	5261	8222	3953	8434	14422	13364	10821	20366	11262	17862	15108	33538	51540	48164	34418	20186	38824	38572	44109	45266	8288	57625	11121
mmu-miR-34c-3p	1490	820	1212	1362	818	574	1236	475	351	702	564	465	1598	1108	605	413	4926	4725	4564	4431	2794	4209	6274	5690	2708	735	3424	587
mmu-miR-34b-5p	432	142	94	208	265	165	275	146	33	168	154	152	151	129	226	195	4547	7530	7743	4945	2891	6037	6989	6001	8596	1647	14901	2196
mmu-miR-34b-3p	2611	1506	1571	2616	2134	846	2120	1186	777	1071	1105	922	2491	1512	1148	728	17940	21069	22061	19730	12488	22857	32943	34040	15769	3532	18029	2968
mmu-let-7d-5p	1988	1539	1646	1704	1502	1328	1692	863	29600	27119	33463	36251	13702	7348	38237	32353	1902	3395	2948	4568	1991	2598	3111	3824	2920	617	1936	1467
mmu-let-7d-3p	143	209	76	59	203	112	149	143	90	307	223	630	131	142	433	277	189	253	280	267	363	263	481	375	326	62	332	103
mmu-miR-106a-5p	0	2	0	0	0	2	0	1	8	22	11	14	2	3	13	11	1	0	2	0	0	0	1	1	3	0	0	0
mmu-miR-106a-3p	0	0	0	0	0	0	0	0	0	0	0	0	0	0	0	0	0	0	0	0	0	0	0	0	0	0	0	0
mmu-miR-106b-5p	5	9	0	0	3	0	0	1	15	98	137	142	25	65	105	72	9	11	25	0	11	45	19	32	21	5	18	8
mmu-miR-106b-3p	970	599	475	762	585	367	809	305	78	118	117	94	165	115	106	82	663	735	1005	874	788	897	960	1428	648	135	733	145
mmu-miR-130b-5p	7	3	4	5	4	2	2	4	7	9	11	12	17	6	8	3	64	105	97	78	53	97	137	200	88	23	94	36
mmu-miR-130b-3p	197	172	67	144	325	144	214	180	868	1312	1012	1441	1501	881	1019	621	225	273	303	204	210	302	278	478	280	41	340	45
mmu-miR-19b-2-5p	0	0	0	0	0	0	0	0	0	0	0	0	0	0	0	0	0	0	0	0	0	0	0	0	0	0	0	0
mmu-miR-19b-3p	2624	1472	221	642	3258	1538	1861	2277	109	680	476	858	1525	1332	958	517	10757	15592	18749	8196	8203	17664	11468	20421	21819	2821	30189	2450
mmu-miR-30c-5p	2686	1538	487	990	3908	1697	1709	2299	779	1732	1694	1985	1440	1071	2223	1317	8507	10673	10769	7023	5232	11198	9666	14755	10966	1412	9096	1620
mmu-miR-30c-1-3p	17	19	10	9	27	12	14	22	49	28	27	33	36	15	30	31	14	18	9	8	5	10	15	15	12	3	10	9
mmu-miR-30c-2-3p	288	258	212	268	278	385	315	167	283	211	261	253	190	92	348	232	69	92	96	88	92	109	118	161	86	15	92	77
mmu-miR-30d-5p	13776	10102	4631	7193	11900	8893	11555	9334	7288	8918	8868	10680	9574	6075	10194	8484	10794	10691	15094	11053	10210	12956	15426	21939	13538	1695	12341	2367
mmu-miR-30d-3p	4	10	0	0	12	11	5	6	3	6	2	4	1	5	8	5	4	17	17	7	8	6	14	15	12	1	24	12
mmu-miR-148a-5p	0	0	0	0	2	0	1	1	0	0	1	1	0	0	0	1	5	24	15	12	12	17	7	15	12	5	3	16
mmu-miR-148a-3p	1363	1301	78	173	3732	3408	1266	1237	33	126	155	259	10	27	269	210	2360	8280	4712	6152	2833	7890	3449	7269	5880	2596	6800	4906
mmu-miR-192-5p	424	290	44	101	484	273	331	303	17	55	37	63	42	49	51	22	203	346	340	183	129	294	188	321	304	51	318	82
mmu-miR-192-3p	0	1	0	0	0	2	0	2	1	0	3	0	0	1	2	1	4	3	0	3	0	2	0	3	1	0	0	1
mmu-miR-196a-5p	309	140	108	196	218	273	226	115	439	476	437	579	247	97	578	540	160	249	157	547	52	142	150	207	816	52	77	79
mmu-miR-196a-1-3p	3	1	0	0	0	0	1	2	0	0	0	0	0	0	1	1	0	0	2	0	0	0	0	0	0	0	0	0
mmu-miR-196a-2-3p	0	0	0	0	0	0	1	0	0	0	0	0	0	0	0	0	0	0	0	0	0	2	0	0	0	0	0	0
mmu-miR-200a-5p	62	106	11	66	185	134	74	131	314	237	278	394	72	67	500	370	7	40	16	31	3	22	15	16	12	6	22	61
mmu-miR-200a-3p	1810	2066	298	914	4358	2917	2181	2586	2269	3828	5116	7286	936	572	9180	8095	1377	3374	2395	3558	1172	3543	1803	3272	3060	896	3525	1882
mmu-miR-208a-5p	0	0	0	0	0	0	0	0	0	0	0	3	0	0	1	0	0	0	5	1	0	0	1	4	1	0	1	0
mmu-miR-208a-3p	10	0	0	0	3	0	0	0	1	1	2	3	4	1	2	1	3	8	7	6	2	6	4	4	10	3	18	2
mmu-let-7a-5p	38258	24354	21778	30989	27841	23442	29054	13081	115257	97861	110221	132317	79542	41691	138066	108275	21610	34675	32603	39475	19767	27833	33521	46557	28105	6464	20079	20464
mmu-let-7a-1-3p	0	0	0	0	0	0	0	0	0	0	0	0	0	0	0	0	0	0	0	0	0	0	0	0	0	0	0	0
mmu-let-7a-2-3p	0	0	0	0	0	0	0	0	0	0	0	0	0	0	0	0	0	0	0	0	0	0	0	0	0	0	0	0
mmu-let-7b-5p	6968	6858	7909	7110	6905	8790	7975	4186	68040	41549	42681	63646	16246	10992	59726	48065	1282	3189	2479	5604	2629	2718	2885	4134	3125	903	1946	7431
mmu-let-7b-3p	6	11	4	4	28	6	4	13	17	28	29	45	9	6	34	36	7	9	6	16	19	13	9	8	11	1	5	7
mmu-let-7c-5p	14648	14980	12898	14563	17582	20450	18601	10014	208369	156366	168381	235089	47431	28821	245372	190883	5459	14887	11376	24213	10001	12073	12046	16164	15860	3616	8274	19548
mmu-let-7c-1-3p	1	3	0	0	5	1	7	1	2	1	3	3	0	0	4	3	4	9	2	3	4	4	1	0	5	0	1	7
mmu-let-7c-2-3p	0	0	0	0	0	0	0	0	0	0	0	0	0	0	0	0	0	0	0	0	0	0	0	0	0	0	0	0
mmu-let-7e-5p	1758	1371	1853	1449	1201	1961	1641	717	5003	2986	4376	4793	1627	789	4705	4921	247	738	575	1307	423	337	494	540	1013	114	298	367
mmu-let-7e-3p	1	0	0	0	2	0	2	0	3	5	5	7	3	1	6	4	0	0	2	6	1	4	3	3	2	0	2	2
mmu-let-7f-5p	34759	24046	13289	20090	34409	28955	22791	16126	51617	62679	72265	96390	17445	9601	94743	74115	4869	16282	10117	19587	6469	12130	9432	14447	13631	3396	7064	11033
mmu-let-7f-1-3p	0	3	0	0	8	0	0	0	2	7	5	3	0	1	7	5	0	6	3	1	1	2	0	1	2	0	1	1
mmu-let-7f-2-3p	0	0	0	0	0	1	0	0	0	0	0	0	0	0	0	0	0	0	0	1	0	1	0	1	2	0	2	1
mmu-miR-15a-5p	742	331	86	183	802	280	519	389	886	2490	2320	2849	1686	1552	3009	1748	3995	6577	5415	3517	2222	4729	4012	5984	4684	905	5420	1036
mmu-miR-15a-3p	2	0	0	0	0	0	0	0	0	2	6	1	0	5	3	2	2	5	3	0	0	1	2	0	2	0	3	3
mmu-miR-16-5p	277929	151267	78844	160133	193446	138020	196521	105971	101498	180162	156043	171232	208441	102298	149239	92608	124062	163413	157236	109273	77521	144434	135565	192282	122543	21276	120590	21645
mmu-miR-16-1-3p	1	3	0	0	9	0	0	1	0	0	0	1	0	0	0	0	4	6	2	0	0	0	3	6	2	1	3	2
mmu-miR-16-2-3p	2	2	0	0	6	1	3	2	1	2	4	9	0	1	1	4	37	63	50	37	27	76	38	68	41	8	54	6
mmu-miR-18a-5p	196	81	4	16	165	70	75	75	261	788	578	687	722	546	876	516	979	1520	1615	669	539	1276	1304	1723	1265	226	1688	92
mmu-miR-18a-3p	0	1	0	0	0	4	0	0	0	0	0	0	1	1	0	1	7	5	9	4	5	5	14	15	7	1	14	6
mmu-miR-20a-5p	1017	449	243	501	853	504	637	562	2028	5966	5056	5221	4266	4020	6740	4919	10217	13816	13689	8380	5813	11210	10968	14950	10538	2110	11693	1446
mmu-miR-20a-3p	6	1	0	5	0	2	6	3	2	9	19	5	3	6	9	3	15	31	25	12	10	28	20	32	19	7	31	10
mmu-miR-21a-5p	4103	2954	410	1079	6325	3236	2869	3898	2016	5089	6645	8834	1428	955	11487	9322	6891	16915	11666	15759	4915	12391	8714	13355	15029	3138	15014	8282
mmu-miR-21a-3p	0	0	0	0	2	3	0	3	17	31	32	49	11	9	48	54	0	9	9	6	2	9	1	5	4	0	6	11
mmu-miR-22-5p	13	5	0	3	8	7	2	0	30	55	104	93	39	18	115	80	57	98	74	99	59	86	63	114	111	13	87	110
mmu-miR-22-3p	542	370	135	263	468	346	395	338	897	2093	2408	2370	1231	1010	3182	2243	6149	7926	7891	5504	4725	7234	7054	10905	6749	1288	7617	3678
mmu-miR-23a-5p	0	0	9	0	0	2	0	0	0	9	9	9	2	2	3	1	0	3	2	1	1	3	3	0	0	0	1	5
mmu-miR-23a-3p	590	397	359	288	482	377	266	308	791	1189	1247	1549	472	248	1844	1186	661	2102	1291	2179	939	1089	1460	1488	2008	354	1285	980
mmu-miR-24-2-5p	0	0	0	0	0	1	0	0	0	0	0	2	0	0	1	1	0	0	0	0	0	0	1	0	0	0	0	0
mmu-miR-26a-5p	12419	7853	3430	6521	10082	6655	7706	4663	18962	14506	17027	17819	8500	4573	30498	22200	6935	14813	10269	13511	6139	10919	9529	13045	11819	2477	8864	5030
mmu-miR-26a-1-3p	4	0	0	0	0	0	2	1	1	2	0	0	0	0	2	0	1	1	0	0	2	4	0	1	0	0	1	0
mmu-miR-26b-5p	776	560	158	331	849	429	565	376	679	943	1084	1437	645	324	1844	1398	941	2122	1200	1440	661	1542	1097	1510	1366	350	1260	637
mmu-miR-26b-3p	0	0	0	0	0	0	0	0	2	0	0	1	0	0	1	1	3	8	3	0	0	4	1	1	0	1	1	4
mmu-miR-29a-5p	1	0	0	0	0	0	0	0	0	1	2	0	0	0	1	4	17	20	20	20	9	13	31	16	29	2	21	10
mmu-miR-29a-3p	11491	7802	1655	4277	12451	7766	8923	6610	10958	22861	26949	35489	6941	5837	41315	32874	7225	13121	11866	12367	6277	13986	7876	14242	17736	1984	14272	7800
mmu-miR-29c-5p	3	1	0	1	5	0	3	0	3	4	20	10	0	0	12	12	12	17	16	21	3	13	14	17	13	4	19	18
mmu-miR-29c-3p	1313	1128	103	387	2413	1366	1101	1476	398	2020	2261	3470	221	244	4250	3179	468	1565	1016	1538	615	1284	629	1230	1896	339	1570	1629
mmu-miR-27a-5p	13	2	0	3	7	5	0	5	37	63	55	96	8	4	63	36	5	11	5	4	6	20	8	9	5	0	4	7
mmu-miR-27a-3p	280	225	8	62	389	226	113	242	245	667	554	944	120	143	969	666	122	440	246	327	117	205	205	180	488	76	218	388
mmu-miR-31-5p	744	928	607	609	1132	1254	842	624	10311	8578	11248	10364	1137	1114	16594	13113	343	951	691	1568	689	965	589	1354	595	296	704	1111
mmu-miR-31-3p	4	4	0	4	39	12	7	13	7	57	74	63	5	11	97	61	7	35	21	32	20	26	24	38	28	7	51	81
mmu-miR-92a-2-5p	0	0	0	0	0	0	0	0	0	0	0	0	0	0	0	0	0	0	0	0	0	0	0	0	0	0	0	0
mmu-miR-92a-3p	210	182	167	170	213	97	247	157	10	49	89	77	59	51	66	52	709	685	940	769	762	844	1367	1228	560	159	847	102
mmu-miR-93-5p	28688	22696	10938	17791	30287	22800	27662	18463	23897	31306	25189	30762	39229	23286	25092	16958	18659	21436	25516	18234	12842	19518	20261	32049	19508	2781	19184	3258
mmu-miR-93-3p	2	2	5	4	0	3	2	0	25	19	27	23	50	13	28	27	13	24	35	14	14	16	18	39	12	5	19	13
mmu-miR-96-5p	79	39	15	31	122	71	70	26	44	87	188	128	21	5	302	242	268	927	502	677	317	747	387	621	640	233	721	674
mmu-miR-96-3p	0	3	0	0	0	0	0	0	9	13	10	17	12	4	24	14	0	2	1	1	1	2	0	0	0	1	0	1
mmu-miR-34a-5p	483	303	108	114	281	436	313	305	2290	3891	6494	7411	806	470	7604	9225	227	754	437	875	232	500	265	522	627	121	524	727
mmu-miR-34a-3p	0	0	0	0	0	0	0	0	0	1	0	0	0	0	2	0	1	1	1	0	0	0	0	0	0	0	0	0
mmu-miR-129-2-3p	1	0	0	0	0	0	2	0	1	3	6	1	16	18	6	6	5	6	16	20	4	8	15	10	12	4	13	3
mmu-miR-98-5p	49	40	15	51	61	42	65	51	1455	1569	2208	2357	476	267	2818	2175	75	279	148	283	112	184	138	226	177	60	84	243
mmu-miR-98-3p	0	0	0	0	0	0	0	1	0	0	0	0	0	0	1	0	2	1	3	0	2	0	2	2	3	0	0	0
mmu-miR-103-1-5p	0	0	0	0	0	0	0	0	0	0	0	0	0	0	0	0	0	0	0	0	0	0	0	0	0	0	0	0
mmu-miR-103-3p	5990	3440	3126	3646	3374	3723	4261	2132	5735	10572	9025	11744	6988	4962	12660	10086	4025	5611	6024	5790	3990	4978	5192	7027	5739	935	5212	3419
mmu-miR-103-2-5p	0	0	0	0	0	0	0	0	0	0	1	2	2	2	0	2	0	1	1	0	0	0	1	0	0	0	0	0
mmu-miR-322-5p	412	206	41	77	304	428	201	211	134	188	122	271	71	64	272	203	109	232	165	224	80	122	222	467	317	40	155	91
mmu-miR-322-3p	0	1	0	0	0	6	3	0	22	14	10	20	18	10	32	11	10	8	4	8	3	5	16	59	19	1	2	1
mmu-miR-323-5p	0	0	0	0	0	1	0	0	0	0	0	0	0	0	1	0	0	0	0	0	0	0	0	0	0	0	0	0
mmu-miR-323-3p	3	6	0	1	0	0	1	2	2	3	5	9	3	4	4	1	0	2	7	3	0	1	11	17	6	1	1	1
mmu-miR-324-5p	257	138	121	132	219	195	273	179	343	555	570	677	402	335	608	575	140	142	197	122	135	164	211	148	206	27	161	78
mmu-miR-324-3p	0	0	0	0	3	0	0	0	0	0	0	2	0	0	2	2	0	1	0	1	0	0	2	0	0	0	0	0
mmu-miR-325-5p	0	0	0	0	0	0	0	0	0	0	0	0	0	0	0	0	0	0	0	0	0	0	1	1	0	0	0	0
mmu-miR-325-3p	0	0	0	0	0	0	0	0	0	0	0	0	0	0	0	0	0	0	0	0	0	1	0	0	0	0	0	0
mmu-miR-326-5p	0	0	0	0	0	0	0	0	1	0	0	0	0	0	0	0	0	0	0	0	0	0	0	0	0	0	0	0
mmu-miR-326-3p	3	7	3	2	11	7	1	7	10	12	22	15	10	4	25	28	4	5	5	18	12	5	12	15	18	1	8	12
mmu-miR-328-5p	0	0	0	0	0	0	0	0	0	0	0	0	0	1	0	0	0	0	0	0	0	0	0	0	0	0	0	0
mmu-miR-328-3p	204	140	148	67	174	130	137	166	42	149	185	180	114	101	150	120	99	118	113	189	156	143	272	186	176	30	216	102
mmu-miR-329-5p	2	1	0	0	0	2	2	0	0	0	0	0	0	0	1	0	0	3	1	1	2	3	0	4	5	0	3	0
mmu-miR-329-3p	0	0	0	0	0	0	0	3	3	3	0	1	4	0	1	1	0	4	2	4	1	0	7	25	0	0	3	1
mmu-miR-330-5p	2	5	4	2	6	4	10	5	9	7	13	15	2	6	26	15	4	8	20	19	12	24	24	19	18	3	17	4
mmu-miR-330-3p	1	1	0	0	0	0	1	2	6	9	6	15	1	3	7	7	0	2	5	1	2	1	3	5	2	0	3	2
mmu-miR-331-5p	1	0	0	0	0	0	0	0	1	1	0	2	0	0	1	4	0	3	1	0	0	2	0	1	1	0	0	1
mmu-miR-331-3p	27	16	3	20	27	23	17	31	8	25	18	40	14	11	22	15	34	29	46	50	38	67	59	46	48	6	50	25
mmu-miR-337-5p	5	10	11	6	8	17	16	9	84	54	46	65	30	21	39	58	1	7	8	6	3	3	14	22	8	0	4	5
mmu-miR-337-3p	0	0	0	0	0	0	0	0	1	0	0	1	0	0	1	0	2	2	0	0	0	2	2	9	3	1	2	0
mmu-miR-148b-5p	10	14	11	4	7	4	12	3	1	1	1	1	2	1	2	0	16	19	20	7	14	14	17	29	17	3	16	4
mmu-miR-148b-3p	1272	718	244	461	1334	648	907	443	24	95	74	111	46	32	72	65	1373	2330	2478	1383	1044	2110	1520	2821	2137	398	2170	455
mmu-miR-338-5p	0	0	0	0	0	0	0	0	2	0	0	0	0	0	0	1	1	0	0	0	0	0	0	0	0	0	0	0
mmu-miR-338-3p	13	1	3	12	18	25	8	19	13	39	22	39	5	4	83	70	8	39	20	18	9	15	6	7	45	4	5	7
mmu-miR-339-5p	152	102	89	81	162	137	93	72	138	259	216	324	56	68	371	227	124	162	220	281	199	210	255	261	318	50	267	410
mmu-miR-339-3p	14	4	0	0	10	6	4	5	62	69	102	105	71	44	128	98	11	28	19	13	19	24	30	22	21	3	26	16
mmu-miR-340-5p	899	473	45	149	1025	363	544	495	443	1573	1299	1644	1182	840	1918	1178	1860	3427	4219	2130	1844	4150	2516	5110	3801	678	4397	742
mmu-miR-340-3p	6	5	0	0	8	1	10	3	0	1	3	5	2	1	8	1	39	61	45	51	36	54	46	61	41	8	34	9
mmu-miR-341-5p	0	0	0	0	0	0	0	0	0	0	0	0	0	0	0	0	0	0	0	0	0	0	0	0	0	0	0	0
mmu-miR-341-3p	0	0	0	0	0	0	0	1	1	0	1	1	0	1	1	0	1	1	0	0	0	0	3	5	0	1	1	0
mmu-miR-342-5p	0	0	0	0	3	0	0	1	8	11	11	24	2	8	13	21	0	5	4	0	2	3	0	0	0	0	1	0
mmu-miR-342-3p	1705	1310	1587	1578	1142	1116	1583	783	432	1018	609	1211	905	764	893	562	1884	1970	2257	1956	1636	2000	3080	3880	1739	262	1715	422
mmu-miR-344-5p	0	0	0	0	0	0	0	0	0	0	0	0	0	0	0	0	0	0	0	0	0	0	0	0	0	0	0	0
mmu-miR-344-3p	9	2	0	2	2	1	0	0	1	1	0	0	0	0	2	2	1	4	0	1	1	4	3	5	5	0	1	17
mmu-miR-345-5p	44	26	7	28	23	8	12	24	20	30	55	49	27	25	44	54	36	44	75	38	24	57	66	60	56	2	69	44
mmu-miR-345-3p	40	82	56	38	78	120	105	60	58	46	57	60	44	16	53	66	0	14	14	9	14	16	11	11	6	2	8	18
mmu-miR-346-5p	1	0	0	0	0	4	0	0	0	1	0	1	0	1	0	0	2	0	0	2	0	0	0	0	0	0	2	0
mmu-miR-346-3p	0	0	0	0	0	0	0	0	0	0	0	0	0	0	0	0	0	0	0	0	0	0	0	0	0	0	0	0
mmu-miR-350-5p	0	0	0	0	0	0	0	0	0	0	0	0	0	0	0	0	1	0	0	1	0	3	1	4	0	0	1	1
mmu-miR-350-3p	466	245	14	110	838	197	334	308	92	311	331	291	263	271	270	153	984	1015	1097	596	509	1172	784	1579	1121	125	1263	167
mmu-miR-351-5p	50	16	21	23	24	33	12	15	135	45	55	85	79	44	58	52	6	5	24	27	16	7	99	133	33	0	4	20
mmu-miR-351-3p	0	0	0	0	0	0	1	0	5	2	1	0	0	2	2	1	0	0	4	0	0	0	4	4	0	0	0	0
mmu-miR-135b-5p	1	0	0	0	0	0	3	2	0	0	1	0	0	0	3	1	6	13	16	9	1	2	5	11	11	3	5	7
mmu-miR-135b-3p	0	0	0	0	0	0	0	0	0	0	0	0	0	0	0	0	0	0	0	0	0	0	0	0	0	0	0	0
mmu-miR-101b-5p	0	0	0	0	0	0	0	0	0	1	0	0	0	0	0	0	1	0	0	0	0	0	0	0	0	0	0	0
mmu-miR-101b-3p	15	8	0	0	53	15	25	15	1	7	10	18	10	10	15	11	14	52	30	26	16	26	8	19	49	9	25	11
mmu-miR-1a-2-5p	0	0	0	0	0	0	0	0	0	0	0	0	0	0	0	0	0	0	0	0	0	0	0	0	0	0	0	0
mmu-miR-107-5p	0	0	0	0	0	0	0	0	0	1	0	0	0	0	0	0	1	0	0	0	0	0	0	0	0	0	0	0
mmu-miR-107-3p	27	15	0	14	33	16	18	15	189	327	241	372	66	59	534	388	32	48	96	96	66	46	49	57	104	8	54	69
mmu-miR-10a-5p	6716	7577	3218	5658	11694	8337	7542	7629	33153	29824	47654	56190	11374	4658	73557	61379	3651	10551	7205	19613	5017	9284	8528	11374	10678	3205	9215	16471
mmu-miR-10a-3p	327	453	253	359	690	598	448	479	298	458	573	856	142	95	882	727	50	149	93	171	76	137	85	118	123	45	114	95
mmu-miR-17-5p	154	100	31	40	216	87	129	109	80	400	334	414	107	150	333	227	183	305	325	182	150	384	295	402	371	42	346	39
mmu-miR-17-3p	125	88	38	50	80	95	142	56	296	379	424	449	584	277	379	318	115	190	223	160	141	189	135	209	176	36	234	43
mmu-miR-19a-5p	0	0	0	0	0	0	0	0	0	0	0	0	0	0	0	0	7	1	2	0	0	1	2	1	6	1	5	0
mmu-miR-19a-3p	276	145	23	59	430	189	174	274	7	56	27	86	225	189	143	78	2280	3527	4549	2017	1517	3437	2971	3880	4629	723	8399	476
mmu-miR-25-5p	8	1	21	6	2	5	11	9	15	11	10	26	18	10	12	12	3	5	5	10	7	4	5	5	8	1	6	3
mmu-miR-25-3p	18224	13274	5459	11897	16898	8578	15560	9343	824	2780	2613	3384	1757	1760	2474	1603	10349	13718	14531	12465	9095	16680	13972	26449	13078	1829	11730	3922
mmu-miR-28a-5p	3	0	0	0	3	1	7	2	121	208	288	292	114	76	389	379	30	54	67	74	36	54	105	60	76	14	60	27
mmu-miR-28a-3p	159	152	101	96	161	180	128	111	161	158	141	276	97	53	219	134	25	26	36	47	21	27	25	47	32	6	28	34
mmu-miR-32-5p	84	20	3	32	80	28	53	32	2	3	10	16	4	7	14	4	394	705	543	294	186	482	363	586	415	125	679	67
mmu-miR-32-3p	1	6	0	0	6	2	1	0	24	33	36	78	39	32	44	24	6	8	8	4	2	11	7	11	12	2	13	5
mmu-miR-100-5p	208	102	33	51	54	148	109	50	191	177	204	210	292	61	330	302	103	195	216	310	107	117	195	169	345	44	140	166
mmu-miR-100-3p	0	0	0	0	2	0	0	0	0	0	1	1	0	0	2	0	0	0	0	0	0	0	0	0	1	0	0	0
mmu-miR-139-5p	19	28	5	10	5	22	4	6	735	818	614	1143	202	178	1383	753	18	39	32	36	15	25	39	32	40	8	27	18
mmu-miR-139-3p	12	15	4	2	3	9	5	1	15	4	8	20	2	1	16	11	1	0	5	0	0	3	2	2	4	0	0	0
mmu-miR-200c-5p	14	8	0	3	12	24	12	11	6	12	28	21	2	2	14	21	6	22	8	5	9	9	2	5	9	0	15	14
mmu-miR-200c-3p	2734	4877	2754	3372	6944	7665	5793	5360	30373	56733	73932	93149	9732	6432	94600	80521	3366	9340	6550	11707	6518	9276	6579	10125	7546	2404	7686	5883
mmu-miR-210-5p	0	0	0	1	0	3	2	0	0	0	0	5	3	1	2	1	2	2	1	2	3	0	1	4	0	0	1	0
mmu-miR-210-3p	94	152	20	43	227	277	128	242	399	791	1297	1469	112	112	1539	1690	14	80	72	104	45	84	39	73	142	9	92	173
mmu-miR-212-5p	0	0	0	1	1	3	0	0	3	0	2	1	0	0	0	1	2	4	7	8	2	5	11	9	2	1	5	1
mmu-miR-212-3p	1	0	0	3	0	1	0	0	2	2	3	2	1	0	3	0	3	2	8	6	1	2	4	7	2	1	3	1
mmu-miR-181a-1-3p	8	6	0	3	7	9	6	7	19	34	22	20	8	9	18	27	1	12	8	7	3	4	7	11	14	0	5	5
mmu-miR-214-5p	1	0	0	0	0	0	0	0	0	3	0	0	0	1	3	3	2	0	0	5	0	1	2	4	7	1	4	4
mmu-miR-214-3p	5	0	4	5	3	3	7	5	23	14	16	24	31	10	38	36	17	54	30	67	17	11	75	46	41	11	24	6
mmu-miR-216a-5p	0	0	0	0	0	0	4	0	0	0	1	0	0	0	0	0	0	0	0	0	0	0	0	0	1	0	0	0
mmu-miR-216a-3p	0	0	0	0	0	0	0	0	0	0	0	0	0	0	0	0	0	0	0	0	0	0	0	0	0	0	0	0
mmu-miR-218-5p	25	27	0	5	67	23	14	22	1	6	4	10	3	0	8	5	41	64	40	50	12	47	46	58	44	9	56	22
mmu-miR-218-1-3p	0	0	0	0	0	0	0	0	0	0	0	0	0	0	0	0	0	0	0	1	0	1	0	0	0	0	0	0
mmu-miR-218-2-3p	0	0	0	0	0	0	0	0	0	0	0	0	0	0	0	0	0	0	0	0	0	0	0	0	3	0	0	0
mmu-miR-219a-5p	0	0	0	0	0	0	0	0	0	0	0	0	0	0	0	0	0	1	1	0	1	0	1	2	0	0	3	3
mmu-miR-219a-1-3p	6	0	0	0	0	0	0	0	1	0	5	3	4	0	5	6	1	0	0	0	2	0	0	1	1	0	0	0
mmu-miR-223-5p	15	13	0	10	1	8	2	3	10	12	18	12	6	0	10	15	2	3	4	1	9	2	3	4	2	0	4	2
mmu-miR-223-3p	191	204	109	77	186	115	69	152	42	112	84	105	34	37	98	45	42	151	93	96	65	102	139	123	110	33	74	58
mmu-miR-320-5p	0	0	0	0	0	0	0	0	0	0	0	0	0	0	0	0	0	0	0	0	2	0	0	0	0	0	0	0
mmu-miR-320-3p	35	81	100	40	43	41	40	45	267	373	432	515	406	256	552	406	58	87	50	145	101	107	151	135	84	31	80	94
mmu-miR-26a-2-3p	0	1	5	2	7	0	0	2	0	1	1	1	3	0	0	0	3	7	1	2	3	3	5	3	5	1	3	6
mmu-miR-33-5p	0	8	0	0	2	0	0	0	0	2	5	3	1	1	5	2	2	2	5	3	2	2	1	0	8	0	10	8
mmu-miR-33-3p	0	0	0	0	2	0	0	0	0	3	1	5	1	0	4	0	0	0	2	3	0	0	3	1	3	0	3	1
mmu-miR-211-5p	0	0	0	0	0	0	0	1	0	0	0	0	0	0	0	1	0	0	6	0	0	0	1	2	2	0	1	1
mmu-miR-211-3p	0	0	0	0	0	0	0	0	0	0	0	0	0	0	0	0	0	0	0	0	0	0	0	0	0	0	0	0
mmu-miR-221-5p	6	11	2	7	14	4	16	8	45	36	100	104	32	10	102	155	10	39	23	30	5	31	12	13	35	6	30	29
mmu-miR-221-3p	230	193	79	155	221	157	229	197	170	236	535	499	178	93	513	596	450	1290	999	1826	457	1057	685	1054	1440	246	946	1277
mmu-miR-222-5p	0	0	0	0	0	0	1	0	0	4	6	5	0	1	3	4	0	0	0	0	0	1	0	0	0	0	0	0
mmu-miR-222-3p	43	63	22	49	107	55	103	84	40	74	200	182	86	26	154	233	110	400	269	517	146	328	155	257	381	76	264	567
mmu-miR-224-5p	6	0	0	4	0	4	1	1	0	4	0	5	5	0	3	4	4	2	10	7	1	7	4	10	5	0	4	3
mmu-miR-224-3p	0	0	0	0	0	0	0	0	0	0	0	0	0	0	0	0	0	0	0	0	0	0	0	0	0	0	0	0
mmu-miR-29b-2-5p	3	17	0	8	18	2	13	5	5	6	27	23	0	0	21	15	4	4	9	6	4	11	1	1	5	2	5	6
mmu-miR-199b-5p	28	28	8	6	23	26	19	22	24	61	39	71	11	7	79	65	16	66	24	40	6	21	46	38	69	10	57	33
mmu-miR-199b-3p	0	0	0	0	0	0	0	0	0	0	0	0	0	0	0	0	0	0	0	0	0	0	0	0	0	0	0	0
mmu-miR-135a-2-3p	1	0	0	3	0	1	0	0	1	1	2	1	3	0	3	5	0	1	0	0	1	0	0	0	0	1	1	1
mmu-miR-19b-1-5p	0	0	0	0	5	0	0	0	0	3	4	0	0	1	1	1	21	14	15	8	10	10	9	25	5	1	20	5
mmu-miR-92a-1-5p	9	1	0	7	9	7	5	4	29	37	57	47	30	13	62	56	9	22	8	9	10	12	6	3	8	2	13	14
mmu-miR-138-1-3p	0	0	0	0	0	0	0	0	0	0	0	0	1	0	0	0	0	1	1	0	0	0	0	0	0	0	0	0
mmu-miR-181b-5p	15	12	15	20	25	7	9	12	77	44	91	72	46	21	117	110	4	34	26	49	15	26	30	27	48	5	28	21
mmu-miR-181b-1-3p	0	0	0	0	0	0	0	0	0	0	1	0	0	0	0	0	1	1	0	0	0	1	0	0	0	0	0	0
mmu-miR-181c-5p	13	12	0	13	16	7	8	8	51	33	71	49	58	25	58	92	31	52	60	58	22	50	56	46	60	8	74	33
mmu-miR-181c-3p	5	5	0	0	7	7	8	7	18	21	29	29	14	9	30	38	6	11	15	7	4	11	10	12	7	0	19	9
mmu-miR-125b-1-3p	7	8	0	0	0	4	2	0	3	5	3	4	5	2	2	5	7	13	16	5	1	3	5	3	15	3	7	11
mmu-miR-128-2-5p	0	0	0	0	0	0	0	0	0	0	0	0	0	0	0	0	0	0	0	0	0	0	0	0	0	0	0	0
mmu-miR-7a-5p	1852	1072	279	574	1772	1091	1160	1012	747	1138	1169	1510	1467	637	1180	1049	599	893	792	543	317	726	568	925	692	145	545	414
mmu-miR-7a-1-3p	27	15	0	0	34	11	10	13	23	66	34	62	38	66	57	33	86	95	156	71	109	150	155	228	124	15	99	37
mmu-miR-7a-2-3p	4	5	0	5	9	6	8	8	7	20	3	13	23	15	7	6	17	14	14	8	13	16	23	21	14	0	11	1
mmu-miR-7b-5p	3930	2240	831	1449	3761	2762	2514	2187	1953	2537	2509	3342	2712	1279	2910	2391	1084	1800	1543	1051	617	1443	1275	2024	1299	312	944	846
mmu-miR-7b-3p	0	0	0	0	0	0	0	0	0	0	0	0	0	0	0	0	0	0	0	0	0	0	0	0	0	0	0	0
mmu-miR-217-5p	1	0	0	3	0	0	0	0	3	3	2	1	4	1	1	2	1	2	0	1	1	1	0	4	0	0	2	0
mmu-miR-217-3p	0	0	0	0	0	0	0	0	0	0	0	1	0	0	0	1	0	0	0	0	0	0	0	0	0	0	0	0
mmu-miR-194-2-3p	0	0	0	0	3	0	0	0	0	0	1	0	0	0	2	0	0	1	0	0	0	1	2	1	1	0	0	0
mmu-miR-219a-2-3p	1	1	0	0	0	0	0	0	1	0	0	0	0	0	0	0	1	3	3	4	0	2	4	2	1	0	1	0
mmu-miR-361-5p	160	129	193	136	146	131	143	108	555	796	848	1146	257	224	1370	969	146	195	251	282	217	246	284	310	277	46	185	114
mmu-miR-361-3p	137	139	88	106	173	228	131	125	16	27	30	50	27	15	37	37	56	64	106	73	87	54	90	122	88	13	61	60
mmu-miR-362-5p	13	6	5	0	1	2	6	7	21	50	47	51	49	32	52	39	51	55	73	58	36	58	55	88	60	12	82	27
mmu-miR-362-3p	10	0	0	5	12	0	4	1	0	0	1	3	0	1	3	4	62	82	60	46	30	67	41	91	78	14	100	24
mmu-miR-363-5p	0	0	0	0	0	0	0	0	1	0	1	1	0	0	0	1	1	1	3	0	0	1	1	2	0	0	0	0
mmu-miR-363-3p	0	4	0	7	0	0	0	0	0	1	0	0	0	0	1	0	4	8	15	4	2	6	9	11	5	0	2	1
mmu-miR-365-1-5p	0	0	0	0	0	0	0	0	0	0	0	0	0	0	0	0	1	0	0	0	0	0	0	0	0	0	0	0
mmu-miR-365-3p	181	142	78	117	271	191	124	206	246	505	713	686	63	97	1098	638	260	575	681	936	682	656	690	1146	824	199	647	481
mmu-miR-375-5p	0	0	0	0	0	0	0	0	0	0	1	0	0	1	0	0	1	1	0	0	0	2	0	0	0	0	1	1
mmu-miR-375-3p	553	335	153	258	401	220	507	290	747	729	689	805	1881	874	959	720	2552	3086	3954	3514	2724	4114	5006	6168	3910	696	4089	1521
mmu-miR-376a-5p	0	0	0	0	0	0	0	0	0	1	0	0	0	0	0	0	0	0	0	0	0	0	0	1	0	0	2	1
mmu-miR-376a-3p	2	3	0	0	0	2	1	1	3	11	9	21	9	9	20	11	3	6	2	5	0	4	9	10	3	1	9	3
mmu-miR-377-5p	0	0	0	0	0	0	0	2	0	0	0	0	0	0	0	0	0	0	0	0	0	0	0	1	0	0	1	0
mmu-miR-377-3p	0	2	0	0	3	0	0	0	0	0	0	0	0	0	3	0	6	18	14	5	12	15	11	36	10	8	24	4
mmu-miR-378a-5p	40	28	5	12	21	33	39	25	24	31	41	64	10	14	57	40	4	19	24	50	22	12	14	30	32	4	22	30
mmu-miR-378a-3p	254	144	67	91	133	182	124	130	284	217	244	262	60	30	365	272	41	101	99	100	65	66	82	72	140	15	51	102
mmu-miR-379-5p	308	232	151	110	228	344	287	127	30	42	75	63	19	5	59	59	26	82	61	97	30	49	67	156	139	22	39	26
mmu-miR-379-3p	0	0	0	0	0	0	0	0	0	2	0	0	0	0	0	1	1	2	2	1	1	1	7	20	3	2	2	0
mmu-miR-380-5p	2	2	0	0	0	1	2	0	0	1	0	1	0	0	1	0	0	0	2	0	0	0	0	1	2	0	0	0
mmu-miR-380-3p	0	0	0	0	0	0	0	0	0	2	0	2	2	0	2	1	2	2	1	3	0	0	2	6	5	0	0	0
mmu-miR-381-5p	0	0	0	0	0	0	0	0	0	0	0	2	0	0	0	0	0	0	1	0	0	0	0	0	1	0	0	0
mmu-miR-381-3p	17	4	5	7	12	2	8	0	2	6	5	7	7	5	7	5	4	10	14	8	4	3	10	31	8	3	7	8
mmu-miR-382-5p	85	89	34	86	52	81	76	54	168	64	75	93	95	24	88	83	10	18	33	41	11	15	88	111	33	5	10	22
mmu-miR-382-3p	0	0	0	0	0	0	0	0	0	0	0	0	0	0	0	0	0	0	0	0	0	0	0	0	0	0	0	0
mmu-miR-383-5p	0	0	0	0	0	0	1	0	0	0	0	0	0	0	0	0	0	0	0	2	0	0	1	0	1	0	0	0
mmu-miR-383-3p	0	0	0	0	0	0	0	0	0	0	0	0	0	0	0	0	0	0	0	0	0	0	0	0	0	0	0	0
mmu-miR-335-5p	162	112	60	88	165	372	102	145	485	773	344	578	953	202	602	325	71	201	127	129	68	123	227	698	196	59	194	122
mmu-miR-335-3p	1	0	0	0	3	0	0	0	0	0	0	0	0	0	0	0	0	1	1	4	0	0	3	21	4	0	2	6
mmu-miR-133b-5p	0	0	0	0	0	0	0	0	0	0	0	0	0	0	0	0	0	0	1	0	0	0	0	0	0	0	0	0
mmu-miR-133b-3p	1	0	0	0	0	0	0	1	0	0	0	0	0	0	0	2	0	0	4	4	1	0	3	1	2	0	0	0
mmu-miR-181b-2-3p	0	0	0	0	0	0	0	0	0	0	0	0	0	0	3	0	0	0	0	0	0	0	0	0	0	0	0	0
mmu-miR-215-5p	0	0	0	0	0	0	0	0	0	1	0	1	2	0	1	1	2	2	3	3	4	1	2	1	2	0	0	3
mmu-miR-215-3p	0	0	0	0	0	0	0	0	0	0	0	0	0	0	0	0	0	0	0	0	0	0	0	0	0	0	0	0
mmu-miR-384-5p	0	4	0	0	0	0	0	0	0	0	0	0	0	0	0	2	6	4	6	1	0	3	1	3	4	0	2	0
mmu-miR-384-3p	0	0	0	0	0	0	0	0	0	0	0	0	0	0	0	0	3	0	0	0	1	1	0	1	0	0	0	0
mmu-miR-196b-5p	233	102	39	114	171	198	164	97	180	182	218	288	97	59	367	300	319	832	1553	1949	735	533	721	658	3318	116	543	180
mmu-miR-196b-3p	0	0	0	0	0	0	0	0	0	0	0	0	0	0	0	0	0	0	1	0	0	0	0	0	3	0	0	1
mmu-miR-409-5p	4	2	19	5	14	2	10	4	6	5	15	10	11	4	9	10	17	10	17	12	9	12	27	35	22	3	21	4
mmu-miR-409-3p	53	41	31	29	39	42	50	31	8	24	7	23	17	9	19	13	24	21	32	27	19	24	66	101	19	5	25	14
mmu-miR-410-5p	0	0	0	0	0	2	0	0	0	0	0	0	0	2	0	0	0	0	0	0	0	0	0	0	0	0	1	0
mmu-miR-410-3p	1	0	0	0	0	0	0	0	1	0	0	0	0	0	1	0	0	3	2	0	0	2	7	8	1	0	3	1
mmu-miR-376b-5p	3	7	0	0	0	6	0	5	1	1	1	4	0	0	2	0	2	10	9	8	2	6	4	14	15	1	3	1
mmu-miR-376b-3p	5	0	0	2	0	1	0	0	16	4	9	13	9	2	13	6	0	4	12	7	2	1	14	101	16	0	4	8
mmu-miR-411-5p	96	59	5	32	93	58	65	38	90	100	75	108	74	29	124	96	15	33	28	30	11	27	57	57	56	5	26	7
mmu-miR-411-3p	0	0	0	0	0	0	0	0	0	2	0	0	1	0	0	2	1	1	1	1	1	1	9	28	3	0	1	0
mmu-miR-412-5p	4	7	0	0	1	0	1	4	4	4	3	4	6	0	2	1	2	6	3	2	8	7	6	7	4	0	1	2
mmu-miR-412-3p	0	0	0	0	0	0	0	0	0	0	0	0	0	0	0	0	0	0	0	0	0	0	0	0	0	0	0	0
mmu-miR-370-5p	0	0	0	0	0	0	0	0	0	0	0	0	0	0	0	0	0	0	0	0	0	0	0	0	0	0	0	0
mmu-miR-370-3p	0	4	0	0	3	2	5	1	0	0	0	0	0	0	0	0	0	2	1	1	0	0	4	4	0	0	0	1
mmu-miR-425-5p	3981	2035	1125	1834	2341	1466	2517	1716	1270	2626	2258	2366	3706	3175	3403	2406	12610	13566	17446	14283	11215	16701	19914	28720	13873	2186	15693	2420
mmu-miR-425-3p	10	14	0	14	19	9	7	7	39	32	22	41	24	10	40	21	6	14	13	8	7	11	12	18	7	0	10	11
mmu-miR-431-5p	11	3	5	2	0	8	8	2	19	3	4	8	3	1	14	5	5	4	19	8	5	3	52	125	12	0	2	2
mmu-miR-431-3p	0	0	0	0	0	0	0	0	0	0	0	0	0	0	0	0	0	0	0	0	0	0	1	0	0	0	0	0
mmu-miR-433-5p	0	0	0	0	0	0	0	0	0	1	0	0	1	0	1	0	0	0	0	1	0	0	1	0	1	0	0	0
mmu-miR-433-3p	0	0	0	0	0	1	0	0	0	0	1	0	0	0	0	0	0	2	5	0	2	3	7	22	3	1	0	5
mmu-miR-434-5p	37	20	12	23	52	36	39	26	0	1	1	2	3	0	0	1	4	8	8	8	4	9	16	52	17	1	6	9
mmu-miR-434-3p	38	25	17	17	22	31	22	8	10	6	12	6	5	0	8	10	25	41	56	73	22	44	135	257	123	5	31	11
mmu-miR-448-5p	0	0	0	0	0	0	0	0	0	0	0	0	0	0	0	0	0	0	0	0	0	0	0	0	0	0	0	0
mmu-miR-448-3p	0	0	0	0	0	0	0	0	0	0	0	0	0	0	0	0	0	2	0	0	0	0	0	0	0	0	0	0
mmu-miR-429-5p	0	0	0	0	0	0	0	0	0	0	0	0	0	0	0	0	0	0	0	0	0	0	0	0	0	0	0	0
mmu-miR-429-3p	866	916	259	649	1845	1083	943	841	3484	5151	6833	9001	730	503	12294	8592	913	2587	1457	2966	1009	2639	1343	2436	1877	660	2010	2368
mmu-miR-365-2-5p	0	0	1	1	0	0	0	0	2	2	0	1	0	0	2	1	0	0	1	1	1	2	4	0	0	0	0	2
mmu-miR-449a-5p	3665	1628	483	1355	2443	1555	2297	1262	3543	4815	4091	4393	7693	3719	5358	4397	4748	6882	5624	3718	2719	5331	4042	5650	5128	922	5548	1274
mmu-miR-449a-3p	2	3	0	0	2	0	0	0	1	0	0	0	0	0	0	0	1	1	6	5	1	1	4	7	2	0	4	1
mmu-miR-450a-5p	0	0	0	0	0	0	0	0	6	8	10	22	7	10	20	15	1	5	5	8	3	8	5	7	12	0	3	2
mmu-miR-450a-1-3p	0	0	0	0	0	0	0	0	0	0	0	0	0	0	0	0	1	0	1	0	0	0	1	3	0	0	0	0
mmu-miR-451a	22	28	12	6	14	9	13	45	23	251	684	267	206	288	185	56	747	491	1122	210	718	1775	1151	1782	319	54	205	172
mmu-miR-452-5p	0	0	0	0	0	0	0	0	0	0	0	0	1	0	0	0	0	0	0	0	0	0	0	0	0	0	0	0
mmu-miR-452-3p	0	0	0	0	0	0	0	0	0	0	0	0	0	0	0	0	0	1	1	1	0	0	1	0	0	0	0	0
mmu-miR-463-5p	207	107	5	54	198	43	99	69	15	27	15	39	60	18	33	17	1227	1803	1321	896	607	1524	1157	1843	1294	262	1227	302
mmu-miR-463-3p	146	93	11	16	108	71	79	129	4	34	12	27	17	17	25	14	183	279	188	131	79	229	171	245	259	34	267	69
mmu-miR-465a-5p	133	47	12	34	79	41	99	51	662	992	894	732	1780	926	1146	794	1941	2767	3609	1731	1512	2907	3052	4637	2770	549	2897	769
mmu-miR-465a-3p	0	0	0	0	0	0	0	0	0	0	0	0	0	0	0	0	0	0	0	0	0	0	0	0	0	0	0	0
mmu-miR-466a-5p	2	0	0	0	0	0	0	1	1	3	1	3	0	0	2	0	0	0	2	3	1	0	2	2	1	0	1	0
mmu-miR-466a-3p	0	0	0	0	0	0	0	0	0	0	0	0	0	0	0	0	0	0	0	0	0	0	0	0	0	0	0	0
mmu-miR-467a-5p	21	7	2	5	16	5	10	3	0	15	7	11	3	4	13	9	30	78	74	26	34	107	71	140	82	6	63	5
mmu-miR-467a-3p	4	12	0	2	3	5	5	3	12	7	6	6	11	6	5	4	9	4	10	4	12	11	11	14	11	2	11	2
mmu-miR-468-5p	74	36	22	23	53	51	38	30	0	1	0	0	2	1	2	1	112	115	95	78	55	118	111	100	123	25	110	39
mmu-miR-468-3p	11	6	0	0	2	1	4	5	6	4	6	5	9	3	5	3	7	8	4	3	0	9	7	6	4	2	6	1
mmu-miR-470-5p	764	396	385	390	439	299	572	363	980	865	760	630	1965	826	755	522	1241	1325	1549	1251	1183	1445	1917	2075	1303	226	1362	631
mmu-miR-470-3p	4	0	0	0	0	1	4	1	2	11	5	5	19	11	10	1	75	116	95	59	38	91	99	108	64	20	138	53
mmu-miR-471-5p	45	24	0	6	68	6	22	16	251	697	563	899	994	496	971	546	579	953	796	486	319	768	606	945	874	146	933	204
mmu-miR-471-3p	7	2	0	0	11	4	2	4	1	2	2	2	0	4	3	1	8	18	18	17	10	28	21	39	25	4	16	5
mmu-miR-532-5p	658	476	261	400	629	516	579	480	608	521	449	666	937	373	485	368	194	213	244	186	128	231	231	354	195	32	215	99
mmu-miR-532-3p	77	47	54	33	31	25	42	19	45	78	64	99	123	124	84	75	55	64	72	66	83	65	112	131	43	6	74	28
mmu-miR-489-5p	0	0	0	0	0	0	0	0	0	0	0	0	0	0	0	0	0	0	0	0	0	0	0	0	0	0	0	0
mmu-miR-489-3p	0	0	0	0	0	0	0	0	0	0	0	0	0	0	0	0	0	0	0	1	0	0	0	0	0	0	0	0
mmu-miR-483-5p	1	5	0	0	1	0	0	2	3	0	3	2	1	1	1	3	6	2	6	4	6	1	16	11	2	0	3	8
mmu-miR-483-3p	0	0	0	0	0	0	6	1	1	0	1	0	0	1	0	0	0	0	0	2	0	1	0	3	2	0	0	0
mmu-miR-484	0	4	4	0	7	0	3	6	38	70	134	114	68	68	145	117	20	26	45	28	52	53	42	68	36	7	31	35
mmu-miR-485-5p	0	0	0	0	3	0	2	1	7	1	2	1	5	1	2	3	2	1	2	2	0	0	0	3	1	0	1	0
mmu-miR-485-3p	0	0	0	0	0	0	0	0	1	1	0	0	1	0	0	0	0	0	2	1	0	0	1	3	1	0	2	0
mmu-miR-486a-5p	0	0	0	0	0	0	0	0	0	0	0	0	0	0	0	0	0	0	0	0	0	0	0	0	0	0	0	0
mmu-miR-486a-3p	1	2	2	0	4	0	5	2	11	17	27	9	13	33	24	16	1	0	5	6	10	2	3	7	3	0	0	0
mmu-miR-546	0	0	0	0	0	0	0	0	0	0	0	0	0	0	0	0	0	0	0	0	0	0	0	0	0	0	0	0
mmu-miR-540-5p	0	0	0	0	0	0	0	0	0	0	0	0	0	0	0	0	0	0	0	1	0	0	1	5	1	0	0	0
mmu-miR-540-3p	1	3	0	0	2	0	0	0	2	0	0	0	1	0	1	2	0	0	0	0	0	0	0	0	1	0	0	0
mmu-miR-543-5p	0	0	0	0	0	0	0	0	0	0	0	0	0	0	0	0	0	0	0	0	0	0	0	1	0	0	0	1
mmu-miR-543-3p	0	0	0	0	0	0	0	0	1	0	0	1	0	0	0	0	0	0	5	1	0	0	10	23	0	0	0	0
mmu-miR-539-5p	0	0	0	0	0	0	0	0	0	0	0	0	0	1	0	0	0	0	0	0	0	0	0	0	0	0	0	0
mmu-miR-539-3p	0	0	0	0	0	0	0	0	0	0	0	0	0	0	0	0	0	0	0	0	0	0	0	1	0	0	0	0
mmu-miR-541-5p	157	100	96	156	124	68	135	67	60	60	47	66	80	47	60	63	103	149	147	155	100	131	224	374	110	23	108	41
mmu-miR-541-3p	0	0	0	0	0	0	0	0	0	0	0	0	0	0	0	0	1	0	0	0	0	0	2	1	1	0	0	0
mmu-miR-542-5p	18	2	6	17	5	27	11	5	9	5	10	9	3	3	11	3	1	3	3	5	2	2	9	8	7	0	2	0
mmu-miR-542-3p	5	3	0	0	4	9	2	8	0	4	2	0	1	0	1	0	0	3	3	2	0	3	10	35	2	0	6	2
mmu-miR-547-5p	0	0	0	0	0	0	0	0	0	0	0	0	0	0	0	0	0	0	0	0	0	0	0	0	0	0	0	0
mmu-miR-547-3p	36	6	3	10	12	9	10	5	1	40	9	13	13	6	12	5	8	10	1	9	5	4	7	2	3	0	2	7
mmu-miR-367-5p	0	0	0	0	0	0	0	0	0	0	0	0	0	0	0	0	0	0	0	0	0	0	0	0	0	0	0	0
mmu-miR-367-3p	0	0	0	0	0	0	0	0	0	0	0	0	0	0	0	0	0	0	0	0	0	0	0	0	0	0	0	0
mmu-miR-494-5p	0	0	0	0	0	0	0	0	0	0	0	0	0	0	0	0	0	0	0	0	0	0	0	0	0	1	0	0
mmu-miR-494-3p	2	1	0	0	2	1	1	0	0	4	2	0	0	4	6	0	2	1	7	2	1	3	4	15	4	1	4	3
mmu-miR-376c-5p	0	0	0	0	0	0	0	0	0	0	0	0	0	0	0	0	0	0	0	1	0	0	0	0	0	0	0	0
mmu-miR-376c-3p	7	3	0	4	6	1	9	8	23	30	32	33	57	15	38	28	19	29	13	29	9	26	32	47	24	5	23	12
mmu-miR-487b-5p	0	0	0	0	0	0	0	0	0	0	0	0	0	0	0	0	0	0	0	0	0	0	0	0	0	0	0	0
mmu-miR-487b-3p	0	0	0	0	0	0	0	0	0	1	0	0	0	0	1	1	0	0	5	5	3	2	9	14	3	1	2	1
mmu-miR-369-5p	8	14	14	11	16	14	18	17	34	50	39	55	85	17	62	47	19	45	54	34	19	35	67	117	46	1	36	15
mmu-miR-369-3p	7	4	0	0	9	0	2	0	2	2	3	5	2	3	4	0	85	140	113	77	37	108	95	201	90	23	94	23
mmu-miR-20b-5p	11	11	4	8	11	18	16	13	72	147	113	177	43	45	136	67	13	17	15	9	12	11	11	22	22	6	15	3
mmu-miR-20b-3p	0	0	0	0	0	0	0	0	0	0	0	0	0	0	0	1	0	0	0	0	0	0	0	1	0	0	0	0
mmu-miR-450a-2-3p	0	0	0	0	0	0	0	1	0	0	0	0	0	0	0	0	0	1	0	1	0	0	0	0	3	0	0	0
mmu-miR-503-5p	53	31	31	13	22	71	19	25	25	35	28	62	24	14	31	40	4	11	24	11	5	7	52	74	22	4	15	6
mmu-miR-503-3p	7	5	0	6	8	12	3	0	0	1	1	1	0	1	4	1	3	1	1	3	0	4	16	11	6	1	0	0
mmu-miR-291b-5p	0	0	0	0	0	0	0	0	0	0	0	0	1	0	0	1	0	0	0	0	0	0	0	10	0	0	0	0
mmu-miR-291b-3p	0	1	0	0	0	0	0	0	0	0	0	0	0	0	0	0	2	4	3	5	5	1	5	16	7	1	2	1
mmu-miR-302b-5p	0	0	0	0	0	0	0	0	0	0	0	0	0	0	0	0	0	0	0	0	0	0	0	0	0	0	0	0
mmu-miR-302b-3p	0	0	0	0	0	0	0	0	0	0	0	0	0	0	0	0	0	0	2	0	0	0	0	0	0	0	0	0
mmu-miR-302c-5p	0	0	0	0	0	0	0	0	0	0	0	0	0	0	0	0	0	0	0	0	0	0	0	0	0	0	0	0
mmu-miR-302c-3p	0	0	0	0	0	0	0	0	0	0	0	0	0	0	0	0	0	0	0	0	0	0	0	0	0	0	0	0
mmu-miR-302d-5p	0	0	0	0	0	0	0	0	0	0	0	0	0	0	0	0	0	0	0	0	0	0	0	0	0	0	0	0
mmu-miR-302d-3p	0	0	0	0	0	0	0	0	3	0	0	0	0	0	0	0	0	0	0	0	0	0	0	0	0	0	0	0
mmu-miR-1224-5p	0	0	0	0	0	0	0	2	0	0	0	1	0	0	0	0	0	3	0	0	0	0	0	0	0	0	0	0
mmu-miR-1224-3p	0	0	0	0	0	0	0	0	0	0	0	0	0	0	0	0	0	0	0	0	0	0	0	0	0	0	0	0
mmu-miR-1247-5p	1	0	1	0	1	0	0	0	2	14	10	6	4	8	7	9	1	6	1	4	2	7	4	3	4	0	5	1
mmu-miR-1247-3p	3	0	2	3	1	0	0	7	3	2	3	0	0	3	0	1	0	4	0	1	0	3	7	1	0	0	1	0
mmu-miR-301b-5p	0	0	0	2	0	0	0	0	0	0	0	0	0	0	0	0	0	3	2	0	0	2	0	0	0	0	1	1
mmu-miR-301b-3p	36	18	4	11	55	24	26	29	0	9	6	9	9	6	5	4	38	66	76	28	37	46	63	77	77	20	80	10
mmu-miR-675-5p	0	0	0	0	0	0	0	0	0	0	0	0	0	0	0	0	0	0	0	0	0	0	0	0	0	0	0	0
mmu-miR-675-3p	0	0	0	0	0	0	0	0	0	0	0	0	0	0	0	0	0	0	0	0	0	0	0	11	0	0	0	0
mmu-miR-744-5p	92	148	94	65	100	152	77	96	230	229	201	342	97	73	336	216	58	108	96	179	158	80	126	90	152	32	121	67
mmu-miR-744-3p	0	1	0	0	1	2	0	0	0	2	3	3	1	0	1	3	0	0	3	1	3	1	2	1	1	0	2	0
mmu-miR-374b-5p	18	17	8	2	34	15	22	14	8	40	67	74	20	24	77	49	67	137	144	118	80	164	178	196	104	39	106	36
mmu-miR-374b-3p	0	0	0	0	0	0	0	0	0	0	0	0	0	0	0	0	0	0	0	0	0	0	0	0	0	0	0	0
mmu-miR-216b-5p	0	0	0	0	0	0	0	0	0	0	0	0	0	0	0	0	0	0	0	0	0	0	2	0	0	0	1	0
mmu-miR-216b-3p	0	0	0	0	0	0	0	0	0	0	0	0	0	0	0	0	0	0	0	0	0	0	0	0	0	0	0	0
mmu-miR-592-5p	0	0	0	0	0	0	0	0	0	0	0	1	2	0	4	0	0	0	1	0	1	0	0	0	0	0	1	0
mmu-miR-592-3p	0	0	0	0	0	0	0	0	0	0	0	0	0	0	0	0	0	0	0	0	0	0	0	0	0	0	0	0
mmu-miR-758-5p	0	0	0	0	0	0	0	0	0	0	0	0	0	0	0	0	0	0	0	0	0	0	0	0	0	0	0	0
mmu-miR-758-3p	0	0	0	0	0	0	0	0	0	0	0	0	0	0	0	0	0	0	0	0	0	0	0	0	0	0	0	0
mmu-miR-1264-5p	0	0	0	0	0	0	0	0	0	0	0	0	0	0	0	0	0	0	0	0	0	0	0	0	0	0	0	0
mmu-miR-1264-3p	0	0	0	0	0	0	0	0	0	0	0	0	0	0	0	0	0	0	1	0	0	0	0	0	0	0	0	0
mmu-miR-551b-5p	0	0	0	0	0	0	0	0	0	0	0	0	0	0	0	0	0	0	0	0	0	0	0	0	0	0	0	0
mmu-miR-551b-3p	0	0	0	0	0	0	0	0	0	0	0	0	0	0	0	0	0	0	3	0	0	0	0	1	0	0	1	0
mmu-miR-1249-5p	0	0	0	0	0	0	1	0	0	0	0	0	1	0	0	0	0	0	0	0	0	0	0	0	0	0	0	0
mmu-miR-1249-3p	6	0	8	2	2	6	5	7	4	4	10	10	12	3	14	10	3	8	7	12	14	9	19	7	8	6	21	10
mmu-miR-671-5p	3	6	14	7	5	12	1	12	50	57	76	75	25	10	110	114	8	13	11	17	6	18	5	18	13	5	11	23
mmu-miR-671-3p	1	11	13	0	4	3	4	1	3	15	9	10	8	4	7	10	1	4	3	3	4	3	2	3	4	1	1	6
mmu-miR-668-5p	0	0	0	0	0	0	0	0	0	0	0	0	0	0	0	0	0	0	0	0	0	0	0	0	0	0	0	0
mmu-miR-668-3p	0	0	0	0	0	0	0	0	0	0	2	0	0	1	0	0	1	1	1	0	0	1	0	1	0	0	0	0
mmu-miR-1843a-5p	32	12	10	3	10	1	12	10	38	36	44	52	21	12	34	47	30	50	44	47	22	37	32	40	30	3	29	11
mmu-miR-1843a-3p	12	4	4	3	12	6	2	3	2	11	9	10	0	0	13	10	3	5	3	9	3	4	5	5	3	1	4	3
mmu-miR-665-5p	0	0	0	0	0	0	0	0	0	0	0	0	0	0	0	0	0	0	0	0	0	0	0	0	0	0	0	0
mmu-miR-665-3p	0	0	0	0	0	0	0	0	1	0	0	0	1	0	0	0	0	0	0	0	0	0	0	0	0	0	0	0
mmu-miR-667-5p	0	0	0	0	0	0	0	0	0	0	0	0	0	0	0	0	0	0	0	0	0	0	0	0	0	0	0	0
mmu-miR-667-3p	0	2	0	0	0	6	0	0	2	0	0	2	1	1	0	2	1	0	8	2	0	0	3	10	2	0	0	0
mmu-miR-770-5p	0	0	0	0	0	0	0	0	0	0	0	0	0	0	0	0	0	0	0	0	0	0	0	0	0	0	0	0
mmu-miR-770-3p	0	2	0	0	0	0	0	0	0	0	0	0	0	0	0	0	0	0	0	0	0	0	1	0	0	0	0	0
mmu-miR-762	0	0	0	0	0	0	0	0	0	0	0	0	0	0	0	0	0	0	0	0	0	0	0	0	0	0	0	0
mmu-miR-3475-5p	0	0	0	0	0	0	0	0	0	0	0	0	0	0	0	0	0	0	0	0	0	0	0	0	0	0	0	0
mmu-miR-3475-3p	0	0	0	0	0	0	0	0	0	0	0	0	0	0	0	0	0	0	1	0	0	0	0	0	0	0	0	0
mmu-miR-344d-3-5p	0	0	0	0	0	0	0	0	0	0	0	0	0	0	0	0	0	0	0	0	0	0	0	0	0	0	0	0
mmu-miR-344d-3p	0	0	0	0	0	0	0	0	0	0	0	0	0	0	0	0	0	0	0	0	0	0	0	2	2	1	0	0
mmu-miR-802-5p	0	0	0	0	0	0	0	0	1	0	0	0	0	0	0	0	0	4	2	4	0	2	2	1	5	0	0	0
mmu-miR-802-3p	0	0	0	0	0	2	0	0	0	0	0	1	0	1	1	0	0	1	0	0	0	0	0	0	0	0	0	0
mmu-miR-672-5p	279	357	177	224	417	491	411	357	1891	1533	2090	2582	1748	1146	1658	1970	261	403	356	397	231	322	453	608	305	68	223	366
mmu-miR-672-3p	5	12	0	4	5	7	9	7	0	0	2	2	1	1	1	1	12	18	14	22	8	29	18	40	24	8	9	14
mmu-miR-670-5p	0	0	0	0	0	0	2	0	1	3	0	0	1	4	1	2	0	2	1	0	0	0	0	0	0	0	0	0
mmu-miR-670-3p	0	0	0	0	0	0	0	0	0	0	0	0	0	0	0	0	0	0	2	0	0	0	0	1	1	0	2	0
mmu-miR-1298-5p	0	0	0	0	0	0	0	0	0	0	0	0	0	0	0	0	0	0	0	0	0	0	0	0	0	0	1	0
mmu-miR-1298-3p	0	0	0	0	0	0	0	0	0	0	0	0	0	0	0	0	0	0	0	0	0	0	0	0	0	0	0	0
mmu-miR-761	0	0	0	0	0	0	0	0	0	0	0	0	0	0	0	0	0	0	0	0	0	0	0	0	0	0	0	0
mmu-miR-764-5p	0	0	0	0	0	0	0	0	0	0	0	0	0	0	0	0	0	0	0	0	0	0	0	0	0	0	0	0
mmu-miR-764-3p	0	0	0	0	0	0	0	0	0	0	0	0	0	0	0	0	0	0	0	0	0	0	0	0	0	0	0	0
mmu-miR-3059-5p	0	0	0	0	0	0	0	0	0	0	0	0	0	0	0	0	0	0	0	0	0	0	0	0	0	0	0	0
mmu-miR-3059-3p	0	0	0	0	0	0	0	0	0	0	0	0	0	0	0	0	0	0	0	0	0	0	0	0	0	0	0	0
mmu-miR-3058-5p	0	0	0	0	7	0	3	0	1	6	12	10	6	5	4	10	1	0	2	2	3	0	4	3	1	0	0	0
mmu-miR-3058-3p	0	0	0	0	0	0	0	0	2	0	1	0	1	0	0	1	0	0	0	0	5	0	0	0	0	0	0	0
mmu-miR-3099-5p	0	0	0	0	0	0	0	0	0	0	0	0	0	0	0	0	0	0	0	0	0	0	0	0	0	0	0	0
mmu-miR-3099-3p	0	0	0	0	0	0	0	0	2	1	0	0	2	0	0	1	0	0	0	0	0	0	0	0	0	0	0	0
mmu-miR-3106-5p	0	0	0	0	0	0	0	0	0	0	0	0	0	0	0	0	0	0	0	0	0	0	0	0	0	0	0	0
mmu-miR-3106-3p	0	0	0	0	0	0	0	0	0	0	0	0	0	0	0	0	0	0	0	0	0	0	0	0	0	0	0	0
mmu-miR-763	0	0	0	0	0	0	0	0	0	0	0	0	0	0	0	0	0	0	0	0	0	0	0	0	0	0	0	0
mmu-miR-669a-5p	0	0	0	0	0	0	0	0	0	0	0	0	0	0	0	0	0	0	0	0	0	0	0	0	0	0	0	0
mmu-miR-669a-3p	0	0	0	0	0	0	0	0	0	0	0	0	0	0	0	0	0	0	0	0	0	0	0	0	0	0	0	0
mmu-miR-344d-1-5p	0	0	0	0	0	0	0	0	0	0	0	0	0	0	0	0	0	0	0	0	0	0	0	0	0	0	0	0
mmu-miR-666-5p	0	0	0	0	0	0	0	0	0	0	0	0	0	0	0	2	0	0	0	0	0	0	3	0	0	0	0	0
mmu-miR-666-3p	0	0	0	0	0	0	0	0	2	0	0	0	1	0	1	0	0	0	0	0	0	0	0	0	0	0	0	0
mmu-miR-759	0	0	0	0	0	0	0	0	0	0	0	0	0	0	0	0	0	0	0	0	0	0	0	0	0	0	0	0
mmu-miR-496a-5p	0	0	0	0	0	0	0	0	0	0	0	0	0	0	0	0	0	0	0	0	0	0	0	0	0	0	0	0
mmu-miR-496a-3p	1	0	1	0	0	0	0	0	1	2	1	3	0	0	1	1	1	3	2	5	2	3	5	3	2	0	4	1
mmu-miR-673-5p	0	0	0	0	0	3	4	1	0	1	1	0	0	0	1	2	0	0	2	1	0	0	0	3	1	0	0	2
mmu-miR-673-3p	0	0	0	0	0	0	0	0	0	0	0	0	0	0	0	0	0	0	0	0	0	0	0	0	0	0	0	0
mmu-miR-760-5p	0	0	0	0	0	0	0	0	0	0	0	0	1	0	0	0	0	0	0	0	0	0	1	0	0	0	0	0
mmu-miR-760-3p	0	0	0	8	0	1	3	1	0	0	0	0	0	0	1	0	0	0	0	0	0	0	0	0	0	0	0	0
mmu-miR-674-5p	27	35	42	26	52	74	47	62	777	698	869	1041	510	301	884	801	24	42	45	49	28	32	38	27	22	5	38	53
mmu-miR-674-3p	53	22	44	24	42	38	34	17	14	52	52	75	22	19	51	49	22	36	47	36	35	43	43	54	30	5	31	11
mmu-miR-344d-2-5p	0	0	0	0	0	0	0	0	0	0	0	0	0	0	0	0	0	0	0	0	0	0	0	0	0	0	0	0
mmu-miR-488-5p	0	0	0	0	0	0	0	0	0	0	0	0	0	0	0	0	0	0	0	0	0	0	0	0	0	0	0	0
mmu-miR-488-3p	0	0	0	0	0	0	0	0	0	0	0	0	0	0	0	0	0	0	0	0	0	0	0	2	0	0	0	0
mmu-miR-677-5p	3	0	0	0	1	0	0	0	2	3	2	1	0	0	2	5	0	0	1	1	0	1	0	0	1	1	2	2
mmu-miR-677-3p	0	4	0	0	0	0	0	1	2	0	0	5	3	4	4	4	0	0	0	1	0	2	0	1	1	0	0	0
mmu-miR-678	0	0	0	0	0	0	0	0	0	0	0	0	0	0	0	0	0	0	0	0	0	0	0	0	0	0	0	0
mmu-miR-497a-5p	287	151	65	104	167	190	136	149	486	675	540	804	335	315	971	831	279	417	391	339	216	382	333	420	554	59	481	140
mmu-miR-497a-3p	0	0	0	0	0	0	0	0	0	0	0	0	0	0	0	0	0	0	0	0	0	0	0	0	0	0	0	1
mmu-miR-423-5p	213	144	177	103	154	121	148	150	389	420	464	545	718	305	609	398	244	270	299	347	305	262	443	356	263	65	308	261
mmu-miR-423-3p	26	21	5	20	20	28	22	11	12	41	39	40	17	10	50	35	39	36	51	91	51	31	85	64	40	17	29	71
mmu-miR-679-5p	0	0	0	0	0	1	0	0	0	0	0	0	0	0	0	0	0	0	0	0	0	0	0	0	0	0	0	0
mmu-miR-679-3p	0	0	0	0	0	0	0	0	0	0	0	0	0	0	0	0	0	0	0	0	0	0	0	0	0	0	0	0
mmu-miR-495-5p	0	0	0	0	0	0	0	0	0	0	0	0	0	0	0	0	0	0	1	0	0	0	0	0	0	0	0	0
mmu-miR-495-3p	0	0	0	0	0	0	0	0	0	0	0	0	0	0	0	0	0	0	0	0	0	0	4	8	0	0	0	2
mmu-miR-680	0	0	0	0	0	0	0	0	0	0	0	0	0	0	0	0	0	0	0	0	0	0	0	0	0	0	0	0
mmu-miR-681	0	0	0	0	0	0	0	0	0	0	0	0	0	0	0	0	0	0	0	0	0	0	0	0	0	0	0	0
mmu-miR-682	0	0	0	0	0	0	2	0	0	0	0	0	0	0	0	0	0	0	0	0	0	1	1	0	2	0	0	2
mmu-miR-449c-5p	2	1	0	0	3	1	0	1	0	0	0	0	0	0	2	0	3	12	6	4	5	11	3	5	9	3	3	2
mmu-miR-449c-3p	0	0	0	0	0	0	0	2	0	0	1	1	3	0	0	0	1	1	5	2	1	4	4	4	3	0	3	1
mmu-miR-683	0	0	0	0	0	0	0	0	0	0	0	0	0	0	0	0	0	0	0	0	0	0	0	0	0	0	0	0
mmu-miR-684	0	0	0	0	0	0	0	0	0	0	0	0	0	0	0	0	0	0	0	0	0	0	0	0	0	0	0	0
mmu-miR-686	0	0	0	0	0	0	0	0	0	0	0	0	0	0	0	0	0	0	0	0	0	0	0	0	0	0	0	0
mmu-miR-719	0	0	0	0	0	0	0	0	0	0	0	0	0	0	0	0	0	0	0	0	0	0	0	0	0	0	0	0
mmu-miR-687	0	0	0	0	0	0	0	0	0	0	0	0	0	0	0	0	0	0	0	0	0	0	0	0	0	0	0	0
mmu-miR-688	0	0	0	0	0	0	0	0	0	0	0	0	0	0	0	0	0	0	0	0	0	0	0	0	0	0	0	0
mmu-miR-690	11	11	0	2	11	15	2	3	4	17	11	4	4	10	20	15	7	16	8	39	27	43	21	33	20	10	19	72
mmu-miR-691	0	0	0	0	0	0	0	0	0	0	0	0	0	0	0	0	0	0	0	0	0	0	0	0	0	0	0	0
mmu-miR-692	0	0	0	0	0	0	0	0	0	0	0	0	0	0	2	0	0	0	0	1	0	0	0	0	0	0	0	0
mmu-miR-693-5p	0	0	0	0	0	0	0	0	0	0	0	0	0	0	0	0	0	0	0	0	0	0	0	0	0	0	0	0
mmu-miR-693-3p	0	0	0	0	0	0	0	0	0	0	0	0	0	0	0	0	0	0	0	0	0	0	0	0	0	0	0	0
mmu-miR-694	0	0	0	0	0	0	0	0	0	0	0	0	0	0	0	0	0	0	0	0	0	0	0	0	0	0	0	0
mmu-miR-146b-5p	109	35	30	55	47	39	40	26	22	21	27	27	7	5	43	25	51	66	55	51	39	68	58	98	56	6	53	14
mmu-miR-146b-3p	2	4	0	0	6	2	4	1	0	0	2	1	0	0	0	0	4	2	2	3	1	4	2	4	3	0	1	0
mmu-miR-669b-5p	0	0	0	0	3	0	1	0	4	7	6	9	12	10	9	12	15	33	21	6	7	15	10	9	19	4	17	6
mmu-miR-669b-3p	13	7	3	4	35	7	19	11	2	10	9	8	14	12	8	8	23	44	31	27	16	49	23	61	30	4	39	6
mmu-miR-669a-3-3p	11	8	0	3	22	11	4	7	10	14	5	7	10	19	6	2	17	49	42	21	26	57	47	70	38	7	39	3
mmu-miR-467b-5p	0	0	0	0	1	0	0	0	1	2	1	0	2	0	1	1	0	1	2	2	0	3	3	1	1	0	2	0
mmu-miR-467b-3p	0	0	0	0	1	0	0	0	0	0	0	0	0	0	0	0	1	2	1	4	0	2	3	1	5	0	0	0
mmu-miR-669c-5p	326	196	113	160	248	193	231	162	1541	545	489	603	1080	827	472	344	338	467	389	355	267	422	439	723	254	68	290	321
mmu-miR-669c-3p	0	0	0	0	1	0	0	0	0	1	0	1	0	0	0	2	0	1	0	0	2	0	4	2	1	0	1	0
mmu-miR-297b-5p	1	0	0	0	0	0	0	0	0	0	0	0	0	0	0	1	4	5	11	3	5	11	3	4	5	0	7	1
mmu-miR-297b-3p	0	0	0	0	0	0	0	0	0	0	0	0	0	0	0	0	0	0	0	0	0	0	0	0	0	0	0	0
mmu-miR-695	0	0	0	0	0	0	0	0	0	0	0	0	0	0	0	0	0	0	0	0	0	0	0	0	0	0	0	0
mmu-miR-499-5p	6	0	8	0	10	1	1	5	22	61	36	74	82	38	91	52	82	137	111	54	45	119	101	181	87	19	127	18
mmu-miR-499-3p	0	0	1	0	0	0	0	0	0	0	0	0	0	0	0	0	0	0	0	0	0	1	0	0	0	0	1	0
mmu-miR-696	0	0	0	0	0	0	0	0	0	0	0	0	0	0	0	0	0	0	0	0	0	0	0	0	0	0	0	0
mmu-miR-455-5p	0	0	0	0	2	5	2	0	2	0	3	1	1	0	8	3	3	11	10	4	4	7	5	9	7	1	8	14
mmu-miR-455-3p	12	13	10	8	22	9	27	26	10	25	27	69	12	11	48	42	2	7	5	13	3	6	21	10	3	0	4	2
mmu-miR-491-5p	3	3	0	0	3	2	1	0	0	4	5	0	0	0	1	2	7	8	4	14	8	4	7	2	9	0	6	0
mmu-miR-491-3p	0	0	0	0	0	0	0	0	0	1	0	0	0	0	0	0	1	2	0	0	0	0	0	1	5	0	2	0
mmu-miR-697	0	0	0	0	0	0	0	0	0	0	0	0	0	0	0	0	0	0	0	0	0	0	0	0	0	0	0	0
mmu-miR-698-5p	0	0	0	0	0	0	0	0	0	0	0	0	0	0	0	0	0	0	0	0	0	0	0	0	0	0	0	0
mmu-miR-698-3p	0	0	0	0	0	0	0	0	0	0	0	0	0	0	0	0	0	0	0	0	0	0	0	0	0	0	0	0
mmu-miR-700-5p	3	0	0	0	0	1	0	1	4	1	6	6	10	1	2	6	2	11	15	12	10	8	26	26	13	1	17	4
mmu-miR-700-3p	14	28	11	11	22	17	20	5	24	30	30	60	38	21	56	40	9	6	14	10	8	8	9	12	6	1	13	1
mmu-miR-701-5p	70	32	8	40	68	39	55	48	67	158	131	143	164	110	152	113	169	219	243	105	95	199	146	243	196	34	240	42
mmu-miR-701-3p	0	0	0	0	0	2	0	0	1	0	2	0	3	1	3	0	5	0	1	2	1	1	3	5	3	0	0	0
mmu-miR-702-5p	0	0	0	0	0	0	0	0	0	0	0	0	0	0	0	0	0	0	0	0	0	0	0	0	0	0	0	1
mmu-miR-702-3p	0	0	0	0	0	0	0	0	0	2	0	0	0	0	0	0	0	1	1	0	0	0	1	0	0	0	0	0
mmu-miR-703	0	0	0	0	0	0	0	0	0	0	0	0	0	0	0	0	0	0	0	0	0	0	0	0	0	0	0	2
mmu-miR-704	0	0	0	0	0	0	0	0	0	2	0	0	0	0	0	0	0	0	0	0	0	1	0	0	0	0	0	0
mmu-miR-705	0	0	0	0	0	0	0	0	0	0	0	0	0	0	0	0	0	0	0	0	0	0	0	0	0	0	0	0
mmu-miR-706	0	0	0	0	0	0	0	0	0	0	0	0	1	1	1	1	0	0	0	1	1	2	2	3	5	0	4	7
mmu-miR-707	0	0	0	0	0	0	0	0	0	0	0	0	0	0	0	0	0	0	0	0	0	0	0	0	0	0	0	0
mmu-miR-708-5p	41	1	8	21	5	34	6	3	13	45	50	41	39	10	48	43	13	38	26	29	10	14	24	67	14	5	25	10
mmu-miR-708-3p	4	0	0	0	0	6	3	4	0	1	1	3	3	2	3	1	1	2	0	0	3	2	2	1	1	0	2	0
mmu-miR-709	0	0	0	3	1	5	0	2	0	1	0	0	8	0	1	1	0	1	1	0	3	2	0	0	2	1	2	1
mmu-miR-710	0	0	0	0	0	0	0	0	0	0	0	0	0	0	0	0	0	0	0	0	0	0	0	0	0	0	0	0
mmu-miR-711	0	0	0	0	0	0	0	0	0	0	0	0	0	0	0	0	0	0	0	0	0	0	0	0	0	0	0	0
mmu-miR-712-5p	3	3	0	0	1	0	0	0	2	0	2	1	0	0	2	0	0	0	0	5	0	0	1	0	0	0	0	0
mmu-miR-712-3p	0	0	0	0	0	0	0	0	2	0	0	0	0	0	1	1	0	0	0	0	0	1	0	0	1	1	0	4
mmu-miR-713	0	0	0	0	0	0	0	0	0	0	0	0	0	0	0	0	0	0	0	0	0	0	0	0	0	0	0	0
mmu-miR-714	0	0	0	0	0	1	2	2	4	0	0	1	1	2	0	0	0	0	0	0	2	0	0	1	0	0	0	0
mmu-miR-500-5p	0	0	0	0	0	0	0	0	1	1	0	1	2	0	0	0	0	3	0	0	1	0	0	2	0	0	0	0
mmu-miR-500-3p	9	2	0	0	2	6	3	1	39	55	64	64	72	40	69	53	28	41	47	45	21	28	46	42	25	6	40	8
mmu-miR-501-5p	0	0	0	0	0	0	0	0	1	3	1	2	4	2	2	2	7	12	15	11	4	10	16	22	13	4	14	8
mmu-miR-501-3p	30	16	13	10	18	11	10	13	17	13	17	13	26	13	16	4	31	30	41	42	26	46	72	59	37	7	43	27
mmu-miR-717	0	0	0	0	0	0	0	0	0	0	0	0	0	0	0	0	0	0	0	0	0	0	0	0	0	0	0	0
mmu-miR-450b-5p	0	0	0	0	0	0	0	0	0	0	0	0	0	0	0	0	0	1	0	1	1	0	2	2	3	0	1	0
mmu-miR-450b-3p	3	2	0	0	1	2	2	0	3	1	5	1	1	2	2	0	1	5	2	4	3	3	6	16	5	0	1	1
mmu-miR-505-5p	3	2	14	4	6	2	8	0	38	48	42	62	57	21	30	21	5	6	5	6	4	9	11	5	5	2	1	4
mmu-miR-505-3p	2	4	0	0	0	0	0	0	0	2	3	4	1	4	0	0	5	7	5	1	2	7	7	16	8	0	14	1
mmu-miR-718	0	0	0	0	0	0	0	0	0	0	0	0	0	0	0	0	0	0	0	0	0	0	0	0	0	0	0	0
mmu-miR-721	0	0	0	0	0	0	0	0	0	0	0	0	0	0	0	0	0	0	0	0	0	0	0	0	0	0	0	0
mmu-miR-652-5p	0	0	0	0	0	0	0	0	0	2	4	9	0	1	0	4	0	0	0	1	0	0	0	0	0	0	0	0
mmu-miR-652-3p	11	10	21	2	16	7	7	11	74	63	153	138	80	35	144	148	21	55	40	82	19	52	51	43	48	15	58	44
mmu-miR-490-5p	0	0	0	0	0	0	0	0	0	1	0	2	0	0	1	0	0	0	5	0	1	0	1	1	3	0	0	0
mmu-miR-490-3p	1	1	5	1	1	1	2	0	2	1	1	2	0	0	5	1	0	0	1	0	0	0	2	1	1	0	0	0
mmu-miR-676-5p	18	10	4	3	5	4	9	2	8	18	9	4	16	4	14	10	17	16	15	21	6	15	23	41	21	5	12	4
mmu-miR-676-3p	380	375	290	311	421	441	304	231	545	371	306	431	567	209	432	334	82	107	123	137	102	130	166	263	119	11	90	93
mmu-miR-615-5p	0	0	0	0	0	0	0	1	0	0	0	0	0	0	0	0	3	0	2	3	1	0	4	0	1	0	2	0
mmu-miR-615-3p	7	4	4	2	20	16	13	7	9	12	10	22	7	6	6	1	6	4	3	20	1	4	5	14	22	0	7	4
mmu-miR-804	0	0	0	0	0	0	0	0	0	0	0	0	0	0	0	0	0	0	0	0	0	0	0	0	0	0	0	0
mmu-miR-741-5p	7	11	0	3	32	7	7	5	45	240	160	231	268	191	269	149	144	200	215	88	61	204	157	239	161	39	232	42
mmu-miR-741-3p	11312	5988	2139	4662	8608	6264	7181	4341	3443	5722	3449	4441	8086	3097	4444	2736	4517	6586	6340	4118	3079	5857	5892	8999	6063	1050	5302	1644
mmu-miR-742-5p	6	0	0	0	1	0	0	3	0	1	3	1	4	0	3	1	18	40	16	14	8	32	14	25	24	3	39	10
mmu-miR-742-3p	67	35	2	8	65	29	57	43	46	96	69	92	151	111	67	55	201	203	300	188	134	223	230	325	242	25	287	90
mmu-miR-743a-5p	2	0	5	0	3	0	0	1	2	7	8	7	6	6	4	1	16	31	21	18	13	38	26	47	27	4	36	6
mmu-miR-743a-3p	12646	8713	6176	8546	10491	7983	10480	6807	8035	10155	6233	9065	26297	12898	7702	4622	8619	8895	10300	6866	6005	8923	9383	14871	7495	1174	7838	2768
mmu-miR-181d-5p	1	1	0	0	2	5	5	5	8	7	24	18	15	7	19	38	12	45	21	32	13	31	28	27	32	8	25	14
mmu-miR-181d-3p	5	0	0	0	0	0	1	0	0	0	0	0	0	0	0	1	0	4	0	1	2	2	0	1	0	0	0	0
mmu-miR-743b-5p	14	18	0	14	24	10	6	8	0	7	3	3	12	2	5	2	22	28	36	17	10	35	31	28	44	2	25	3
mmu-miR-743b-3p	5954	3775	1701	2753	6210	3871	4662	4862	631	1805	906	1457	1919	1557	1331	716	5319	7332	7872	4649	4201	7535	6808	11726	7180	1127	7397	3041
mmu-miR-871-5p	111	44	7	19	147	24	58	66	291	685	547	756	781	509	742	438	495	933	825	565	379	792	784	1047	790	154	740	161
mmu-miR-871-3p	1374	645	382	663	600	551	789	330	17	78	56	73	72	32	68	40	595	672	743	772	573	827	961	972	756	116	735	320
mmu-miR-879-5p	0	0	0	0	0	0	0	0	0	0	0	0	0	0	0	0	0	0	0	1	0	0	0	0	2	0	4	1
mmu-miR-879-3p	0	0	0	0	0	0	0	0	0	1	0	1	1	1	0	0	2	1	2	1	0	0	2	2	3	0	0	2
mmu-miR-880-5p	0	0	0	0	0	0	0	0	0	0	0	0	0	0	0	0	0	0	0	0	0	0	0	0	0	0	0	0
mmu-miR-880-3p	91	57	20	41	135	36	71	58	47	65	92	59	127	109	79	59	1286	1715	1902	920	832	1721	1237	1947	1402	239	2138	685
mmu-miR-881-5p	0	0	0	0	0	0	0	0	0	0	0	0	0	0	0	0	0	0	0	0	0	0	0	0	0	0	0	0
mmu-miR-881-3p	117	52	9	33	129	45	57	26	0	0	4	1	3	1	7	1	196	224	248	173	72	209	222	260	149	64	212	76
mmu-miR-882	0	0	0	0	0	0	0	0	0	0	0	0	0	0	0	0	0	0	0	0	0	0	0	0	0	0	0	0
mmu-miR-883a-5p	31	15	12	12	32	15	17	29	135	279	157	233	405	219	257	156	105	143	152	60	77	124	86	179	136	34	189	47
mmu-miR-883a-3p	200	57	35	26	106	62	101	54	1	19	22	18	10	16	21	21	540	899	960	661	411	989	812	1296	937	182	1060	380
mmu-miR-883b-5p	6	0	0	19	5	4	8	5	74	103	91	105	176	97	108	62	35	59	60	30	50	52	47	88	43	6	44	10
mmu-miR-883b-3p	22	13	0	4	26	1	16	6	2	11	3	8	6	4	7	5	248	350	367	232	138	352	218	402	351	44	422	116
mmu-miR-190b-5p	122	53	0	59	155	52	102	56	10	24	24	33	24	17	22	19	164	197	187	111	94	158	157	216	184	28	153	50
mmu-miR-190b-3p	3	1	0	0	0	0	0	2	0	1	3	1	3	0	1	1	4	4	8	6	2	9	7	7	3	2	9	0
mmu-miR-874-5p	0	0	0	0	0	2	0	0	0	0	0	0	0	0	1	0	0	3	1	1	0	0	0	0	0	0	0	0
mmu-miR-874-3p	0	0	0	2	4	1	4	0	2	2	6	7	0	0	4	7	3	0	1	5	0	3	2	6	8	1	2	5
mmu-miR-876-5p	0	0	0	0	0	0	0	0	0	0	0	0	0	0	0	0	0	0	0	0	0	0	0	0	0	0	0	0
mmu-miR-876-3p	0	0	0	0	0	0	0	0	0	0	0	0	0	0	0	0	0	0	0	0	0	0	0	0	0	0	0	0
mmu-miR-105	0	0	0	0	0	0	0	0	0	0	0	0	0	0	0	0	0	0	0	0	0	0	0	0	0	0	0	0
mmu-miR-147-5p	40	23	12	11	44	28	29	23	1	15	6	13	10	13	6	13	71	85	79	36	39	66	58	97	65	14	68	4
mmu-miR-147-3p	16	5	0	11	23	1	7	16	6	11	8	11	8	4	21	14	15	13	26	19	18	16	18	30	30	5	26	6
mmu-miR-18b-5p	0	0	0	0	0	0	0	0	0	0	0	0	0	0	0	0	4	0	3	1	0	2	4	3	0	0	3	0
mmu-miR-18b-3p	0	0	0	0	0	0	0	0	0	0	0	0	0	0	0	0	0	0	0	0	0	0	0	0	0	0	0	0
mmu-miR-193b-5p	4	1	2	0	0	0	3	3	5	3	3	5	5	2	3	1	0	1	0	2	2	6	6	1	6	0	5	5
mmu-miR-193b-3p	0	3	0	0	2	1	4	2	0	2	0	1	0	0	2	1	2	1	0	1	3	1	6	3	4	1	0	0
mmu-miR-297a-3p	0	0	0	0	0	0	0	0	0	0	0	0	0	0	0	0	0	0	0	0	0	0	0	0	0	0	0	0
mmu-miR-297c-5p	0	3	0	0	1	0	0	1	2	2	0	1	2	6	9	3	3	13	7	3	1	7	7	15	13	2	18	4
mmu-miR-297c-3p	0	0	0	0	0	0	0	0	0	0	0	0	0	0	0	0	0	0	0	0	0	0	0	0	0	0	0	0
mmu-miR-327	0	0	0	0	0	0	0	0	0	0	0	0	0	0	0	0	0	0	0	0	0	0	0	0	0	0	0	0
mmu-miR-343	0	0	0	0	0	0	0	0	0	0	0	0	0	0	0	0	0	0	0	0	0	0	0	0	0	0	0	0
mmu-miR-421-5p	0	0	0	0	0	0	0	0	0	0	0	0	0	0	0	0	0	0	0	0	0	0	0	0	0	0	0	0
mmu-miR-421-3p	28	25	25	16	28	42	17	20	213	260	280	368	180	95	287	280	19	49	46	39	18	61	30	42	43	4	24	20
mmu-miR-453	0	0	0	0	0	0	0	0	0	0	0	0	0	0	0	0	0	0	0	0	0	0	0	0	0	0	0	0
mmu-miR-465b-5p	289	78	48	134	169	89	135	91	3	6	7	10	9	10	4	5	626	1085	976	602	433	1037	940	1413	879	164	855	242
mmu-miR-465b-3p	0	0	0	0	0	0	0	0	0	0	0	0	0	0	0	0	0	0	0	0	0	0	0	0	0	0	0	0
mmu-miR-465c-5p	952	493	194	519	659	368	696	362	160	468	450	429	463	389	478	313	1886	2461	2947	1753	1366	2451	2896	3733	2416	464	2124	530
mmu-miR-465c-3p	0	0	0	0	0	0	0	0	0	0	0	0	0	0	0	0	0	0	0	0	0	0	0	0	0	0	0	0
mmu-miR-466b-5p	0	0	0	0	0	0	0	0	0	0	0	0	0	0	0	0	0	0	0	0	0	0	0	0	0	0	0	0
mmu-miR-466b-3p	0	0	0	0	0	0	0	0	0	0	0	0	0	0	0	0	0	0	0	0	0	0	0	0	0	0	0	0
mmu-miR-466c-5p	6	5	0	1	8	11	7	35	27	69	42	76	19	55	50	32	18	31	24	17	13	19	27	36	34	13	25	4
mmu-miR-466c-3p	0	0	0	0	0	0	0	0	0	0	0	0	0	0	0	0	0	0	0	0	0	0	0	0	0	0	0	0
mmu-miR-466e-5p	0	0	0	0	0	0	0	0	0	0	0	0	0	0	0	0	0	0	0	1	1	0	0	1	0	0	0	0
mmu-miR-466e-3p	0	0	0	0	0	0	0	0	0	0	0	0	0	0	0	0	0	0	0	0	0	0	0	0	0	0	0	0
mmu-miR-466f-5p	0	0	0	0	0	0	0	0	0	0	0	0	0	0	1	0	0	0	0	0	0	0	0	0	0	0	0	0
mmu-miR-466f-3p	0	4	0	0	6	0	1	3	1	1	2	4	6	2	1	4	5	5	4	4	1	9	6	14	3	0	3	1
mmu-miR-466g	8	4	5	4	12	11	6	10	7	16	6	14	19	31	20	5	26	40	25	24	25	33	40	62	29	8	20	5
mmu-miR-466h-5p	0	0	0	0	0	0	0	0	12	15	14	19	9	5	20	25	0	0	1	3	1	1	0	1	1	0	6	1
mmu-miR-466h-3p	0	0	0	0	0	0	2	5	3	0	2	0	2	1	2	0	3	1	0	0	0	0	2	0	1	0	3	0
mmu-miR-467c-5p	18	13	4	12	17	8	15	17	299	358	297	363	474	224	345	214	74	87	77	54	43	75	86	148	94	17	60	18
mmu-miR-467c-3p	1	3	0	4	9	0	2	0	0	1	2	3	2	1	2	0	4	10	1	4	2	7	5	4	7	0	5	0
mmu-miR-467d-5p	72	35	12	33	67	24	59	11	381	519	397	508	750	456	472	332	148	202	240	178	146	254	278	376	204	35	224	41
mmu-miR-467d-3p	26	27	16	9	66	11	20	33	33	45	52	27	76	71	42	34	64	108	92	59	91	135	118	257	79	24	116	9
mmu-miR-493-5p	0	0	0	0	0	0	0	0	0	0	0	0	0	0	0	0	0	0	0	0	0	0	0	0	0	0	0	0
mmu-miR-493-3p	0	0	0	0	0	0	0	0	0	0	0	0	0	0	0	0	0	0	0	0	0	0	0	0	0	0	0	0
mmu-miR-504-5p	3	9	0	0	2	4	3	2	0	0	2	3	0	0	1	0	4	5	8	4	12	6	5	15	7	1	4	2
mmu-miR-504-3p	0	0	0	0	0	0	0	0	0	0	0	0	0	0	0	0	0	0	0	0	0	0	0	0	0	0	0	0
mmu-miR-509-5p	0	0	0	0	0	0	0	0	0	0	0	0	0	0	0	0	0	0	0	0	0	0	0	0	0	0	0	0
mmu-miR-509-3p	0	0	0	0	0	0	0	0	0	0	0	0	0	0	0	0	0	0	0	0	0	0	0	0	0	0	0	0
mmu-miR-568	0	0	0	0	0	0	0	0	0	0	0	0	0	0	0	0	0	0	0	0	0	0	0	0	0	0	0	0
mmu-miR-574-5p	28	59	13	8	62	74	50	69	378	211	309	415	171	90	285	370	8	36	12	26	20	14	14	19	35	8	18	41
mmu-miR-574-3p	54	71	89	60	85	112	80	70	53	139	111	210	42	53	182	96	7	38	28	39	17	14	42	38	38	5	16	15
mmu-miR-590-5p	0	0	0	0	0	0	0	0	0	0	0	0	0	0	0	0	0	0	0	0	0	0	0	0	0	0	0	0
mmu-miR-590-3p	0	0	0	0	0	0	0	0	0	0	0	0	0	0	0	0	0	0	0	0	0	0	0	0	0	0	0	0
mmu-miR-654-5p	0	0	0	0	0	0	0	0	0	0	0	0	0	0	0	0	0	0	0	0	0	0	0	0	0	0	0	0
mmu-miR-654-3p	0	0	0	0	0	0	0	0	0	0	0	0	0	0	0	0	0	0	0	0	0	0	0	0	0	0	0	0
mmu-miR-92b-5p	1	0	0	0	0	0	1	0	0	0	2	1	1	0	2	0	0	0	0	0	2	0	0	0	4	1	0	0
mmu-miR-92b-3p	8	4	6	1	14	3	6	2	0	1	1	3	4	0	5	2	34	14	31	21	22	22	47	40	21	7	16	3
mmu-miR-466d-5p	0	0	0	0	0	0	0	0	0	0	0	0	2	0	0	0	0	0	0	0	0	0	0	0	0	0	0	0
mmu-miR-466d-3p	113	81	2	31	94	40	83	48	20	31	24	28	36	53	27	25	320	430	299	292	251	383	241	569	264	74	313	84
mmu-miR-449b	0	0	0	0	0	0	0	0	0	0	0	0	0	0	0	0	0	0	0	0	0	1	0	0	0	0	0	0
mmu-miR-878-5p	1005	391	135	235	733	358	488	373	252	516	346	445	769	373	478	306	702	1030	890	513	396	910	622	1128	807	170	768	137
mmu-miR-878-3p	1983	1000	488	1037	1251	762	1335	520	144	427	291	407	645	652	332	244	1540	1145	1860	1144	1093	1558	1954	2855	1418	135	1613	248
mmu-miR-872-5p	823	279	106	256	499	249	399	194	20	73	67	86	102	56	107	70	1541	2176	1740	1250	772	1735	1502	2000	1435	357	1665	274
mmu-miR-872-3p	10	13	7	7	16	9	4	11	20	37	35	58	24	23	60	24	48	73	89	62	38	83	92	111	82	10	101	29
mmu-miR-873a-5p	0	0	0	0	0	0	0	0	0	0	0	0	0	0	0	0	0	0	0	0	0	0	0	0	0	0	0	0
mmu-miR-873a-3p	0	0	0	0	0	0	2	0	0	0	0	0	0	0	0	0	0	0	0	0	0	0	0	0	0	0	0	0
mmu-miR-875-5p	0	0	0	0	0	0	0	0	0	0	0	0	0	0	0	0	0	0	0	0	0	0	0	0	0	0	0	0
mmu-miR-875-3p	0	0	0	0	0	0	0	0	0	0	0	0	0	0	0	0	0	0	0	0	0	0	0	0	0	0	0	0
mmu-miR-208b-5p	0	0	0	0	0	0	0	0	0	0	0	0	0	0	1	0	0	0	0	0	0	0	0	0	0	0	0	0
mmu-miR-208b-3p	1	4	0	0	3	10	1	1	1	10	4	5	4	2	4	5	9	9	13	10	7	13	11	15	19	1	17	1
mmu-miR-877-5p	0	0	0	0	0	0	0	2	5	4	4	13	2	6	3	3	0	0	0	0	0	1	0	0	1	0	0	0
mmu-miR-877-3p	0	0	0	0	3	1	0	0	0	0	3	1	3	1	1	3	1	1	0	0	1	2	1	0	0	0	0	2
mmu-miR-511-5p	0	0	0	0	0	0	0	0	0	0	0	0	0	0	0	0	0	0	0	0	0	0	0	0	0	0	0	0
mmu-miR-511-3p	0	0	0	0	0	5	2	1	66	79	77	59	23	10	109	104	2	5	4	6	2	3	3	10	15	0	13	0
mmu-miR-544-5p	0	0	0	0	0	0	0	0	0	0	0	0	0	0	0	0	0	0	0	0	0	0	0	0	0	0	0	0
mmu-miR-544-3p	0	0	0	0	0	0	0	0	0	0	0	0	0	0	0	0	0	0	0	0	0	0	0	0	0	0	0	0
mmu-miR-598-5p	0	0	0	0	0	0	0	0	0	0	0	0	0	0	0	0	0	0	0	0	0	0	0	0	0	0	0	0
mmu-miR-598-3p	14	6	0	4	16	2	3	3	19	5	23	16	12	11	12	19	8	12	14	7	3	17	12	15	11	2	10	4
mmu-miR-653-5p	0	0	0	0	0	0	0	0	0	0	0	0	0	0	0	0	0	0	0	0	0	0	0	0	0	0	0	0
mmu-miR-653-3p	0	0	0	0	0	0	0	0	0	0	0	0	0	0	0	0	0	0	0	0	0	0	0	0	0	0	0	0
mmu-miR-582-5p	0	0	0	0	0	0	0	0	3	0	0	1	0	0	0	0	0	1	0	0	0	0	0	0	0	0	0	0
mmu-miR-582-3p	2	0	0	0	0	0	0	2	0	0	1	0	0	0	0	0	1	1	0	0	1	1	0	1	1	0	0	0
mmu-miR-467e-5p	354	126	67	94	313	121	151	79	1517	1973	1376	1747	3237	1355	1716	1126	953	1524	1239	788	637	1296	1074	1768	1063	196	1054	220
mmu-miR-467e-3p	5	1	0	0	8	2	3	0	4	9	3	9	12	10	6	6	16	50	31	27	12	65	19	49	14	7	33	13
mmu-miR-466l-5p	0	0	0	0	0	0	0	0	0	0	0	0	0	0	1	0	0	0	0	0	0	0	0	0	0	0	0	0
mmu-miR-466l-3p	0	0	0	0	0	0	0	1	1	1	0	0	0	0	0	0	1	0	4	1	2	3	1	4	3	0	1	0
mmu-miR-669k-5p	0	0	0	0	0	0	0	1	9	2	4	7	8	1	5	1	1	2	3	3	1	3	3	5	0	0	2	1
mmu-miR-669k-3p	0	0	0	0	0	0	0	0	0	0	0	0	0	0	0	0	0	1	0	0	0	0	0	0	0	0	0	0
mmu-miR-669g	0	0	0	0	0	0	0	0	0	0	0	0	0	0	0	0	0	0	0	0	0	0	0	0	0	0	0	0
mmu-miR-669d-5p	11	3	4	4	13	7	6	1	38	80	66	91	55	67	80	46	88	149	123	74	49	143	87	209	110	23	112	15
mmu-miR-669d-3p	0	0	0	0	0	0	0	0	0	0	0	0	0	0	0	0	0	0	0	0	0	0	0	0	0	0	0	0
mmu-miR-466i-5p	2	14	1	0	11	7	8	9	22	21	28	33	29	21	20	12	3	9	11	13	16	17	16	13	13	5	7	32
mmu-miR-466i-3p	49	22	0	2	43	10	22	27	12	38	36	71	82	60	32	35	78	93	69	50	96	131	154	127	60	16	100	6
mmu-miR-1b-5p	0	0	0	0	0	0	0	0	0	0	0	0	0	0	1	0	0	1	0	0	0	4	0	0	0	0	0	0
mmu-miR-1b-3p	4	1	0	0	7	0	1	1	1	5	5	7	1	2	8	6	3	3	7	0	4	2	3	8	8	1	9	0
mmu-miR-1187	1	2	0	0	0	0	3	0	15	7	5	10	8	1	6	1	2	0	0	2	1	0	2	1	0	0	2	1
mmu-miR-669j	0	0	0	0	0	0	0	0	0	0	0	0	0	0	0	0	0	0	0	0	0	0	0	0	0	0	0	0
mmu-miR-669f-5p	2	0	0	0	1	3	5	1	16	40	23	22	30	24	16	19	10	26	9	21	12	15	10	40	12	5	17	3
mmu-miR-669f-3p	46	53	11	25	98	32	42	68	33	45	38	61	72	89	39	20	248	283	232	155	164	296	197	412	251	54	232	16
mmu-miR-669i	0	0	0	0	0	0	0	0	0	0	0	0	0	0	0	0	0	0	0	0	0	0	0	0	0	0	0	0
mmu-miR-669h-5p	0	0	0	0	0	2	0	0	6	8	0	2	8	3	5	0	0	1	2	0	1	2	1	1	1	0	0	1
mmu-miR-669h-3p	0	0	0	0	0	0	0	0	0	0	0	0	0	0	0	0	0	0	0	0	0	0	0	0	0	0	0	0
mmu-miR-1188-5p	0	0	0	0	0	0	0	0	0	0	0	0	0	0	0	0	0	0	0	0	0	0	0	0	0	0	0	0
mmu-miR-1188-3p	0	0	0	0	0	0	0	0	0	0	0	0	0	0	0	0	0	0	0	0	0	0	0	0	0	0	0	0
mmu-miR-466f	1	0	0	0	1	0	0	0	19	12	6	11	16	7	12	9	2	0	4	0	4	5	6	3	5	2	5	0
mmu-miR-466k	0	1	0	0	0	7	2	0	2	3	6	3	2	0	3	6	1	10	7	0	2	7	2	7	3	1	10	1
mmu-miR-467f	0	0	0	0	0	0	0	0	0	0	0	0	0	0	0	0	0	0	0	0	0	0	0	0	0	1	0	0
mmu-miR-1190	0	0	0	0	0	0	0	0	0	0	0	0	0	0	0	0	0	0	0	0	0	0	0	0	0	0	0	0
mmu-miR-466j	0	0	0	0	0	0	0	0	2	2	3	3	0	2	2	5	0	1	4	1	2	0	1	0	0	0	0	0
mmu-miR-1191a	2	3	0	0	1	3	0	2	1	5	2	1	4	1	3	1	0	1	0	1	3	1	1	10	4	0	1	3
mmu-miR-1192	0	0	0	0	0	0	0	0	0	0	0	0	0	0	0	0	0	0	0	0	0	0	0	0	0	0	0	0
mmu-miR-1193-5p	0	0	0	0	0	0	0	0	0	0	0	0	0	0	0	0	0	0	0	0	0	0	0	0	0	0	0	0
mmu-miR-1193-3p	0	0	0	0	0	0	0	0	0	0	0	0	0	0	1	0	2	0	0	1	1	0	6	12	3	0	0	0
mmu-miR-1194	37	10	0	21	23	26	17	5	2	4	9	5	16	4	12	5	20	17	12	11	6	19	24	16	14	2	18	8
mmu-miR-669e-5p	0	0	0	0	0	0	0	4	3	4	4	3	3	5	2	0	1	4	1	9	1	7	2	6	3	0	3	0
mmu-miR-669e-3p	0	0	0	0	0	0	0	0	0	0	0	0	0	0	1	1	1	3	4	2	3	3	2	4	2	1	4	2
mmu-miR-467g	0	0	0	0	0	0	0	0	0	0	0	0	0	0	0	0	0	0	0	0	0	0	0	0	0	0	0	0
mmu-miR-467h	13	18	0	7	33	6	11	1	476	555	396	526	777	360	477	308	70	126	103	65	46	108	115	168	114	13	82	31
mmu-miR-1195	20	14	21	9	14	17	18	31	1	20	4	6	10	14	4	10	18	18	13	27	9	34	23	11	24	1	27	39
mmu-miR-1197-5p	0	0	0	0	0	0	0	0	0	0	0	0	0	0	0	0	0	0	0	0	0	0	0	0	0	0	0	0
mmu-miR-1197-3p	0	0	0	0	0	0	0	0	0	0	0	0	0	0	0	0	0	0	0	0	0	0	0	0	0	0	0	0
mmu-miR-1198-5p	28	42	0	25	23	20	39	9	8	40	51	39	10	3	38	38	14	31	29	40	30	41	28	54	18	5	30	16
mmu-miR-1198-3p	0	0	0	0	0	0	0	0	0	0	0	0	0	0	0	0	0	1	0	1	0	2	1	0	0	0	0	0
mmu-miR-1199-5p	0	0	0	0	0	0	0	0	0	0	0	0	0	0	0	0	0	0	0	0	0	0	1	0	0	0	0	0
mmu-miR-1199-3p	0	0	0	0	0	0	0	0	0	0	0	0	0	0	0	0	0	0	0	0	0	0	0	0	0	0	0	0
mmu-miR-1902	0	0	0	0	0	0	0	0	0	0	0	0	0	0	0	0	0	0	0	0	0	0	0	0	0	0	0	0
mmu-miR-1897-5p	0	0	0	0	0	0	0	0	0	0	0	0	0	0	0	0	0	0	0	0	0	0	0	0	0	0	0	0
mmu-miR-1897-3p	0	0	0	0	0	0	0	0	0	0	0	0	0	0	0	0	0	0	0	0	0	0	0	0	0	0	0	0
mmu-miR-1905	0	0	0	0	0	0	0	0	0	0	0	0	0	0	0	0	0	0	0	0	0	0	0	0	0	0	0	0
mmu-miR-1895	0	0	0	0	0	3	0	0	0	0	0	0	0	1	0	1	0	0	0	1	0	2	0	0	0	0	0	0
mmu-miR-1903	0	0	0	0	0	0	0	0	0	0	0	0	0	0	0	0	0	0	0	0	0	0	0	0	0	0	0	0
mmu-miR-1899	0	0	0	0	0	0	0	0	0	0	0	0	0	0	0	0	0	0	0	0	0	0	0	0	0	0	0	0
mmu-miR-1900	0	0	0	0	0	0	0	0	0	0	0	0	0	0	0	0	0	0	0	0	0	0	0	0	0	0	0	0
mmu-miR-1892	0	0	0	0	0	0	0	0	0	0	0	0	0	0	0	0	0	0	0	0	0	0	0	0	0	0	0	0
mmu-miR-1906	0	0	0	0	0	0	0	0	0	0	0	0	0	0	0	0	0	0	0	0	0	0	0	0	0	0	0	0
mmu-miR-1896	0	0	0	0	0	0	0	0	0	0	0	0	0	0	0	0	0	0	0	0	0	0	0	0	0	0	0	0
mmu-miR-1904	0	0	0	0	0	0	0	0	0	0	0	0	0	0	0	0	0	0	0	0	0	0	0	0	0	0	0	0
mmu-miR-1898	0	0	0	0	0	0	0	0	0	0	0	0	0	0	0	0	0	0	0	0	0	0	0	0	0	0	0	0
mmu-miR-1907	0	0	0	0	0	0	0	0	0	0	0	0	0	0	0	0	0	0	0	0	0	0	0	0	0	0	0	0
mmu-miR-1894-5p	0	0	0	0	0	0	0	0	0	0	0	0	0	0	0	0	0	0	0	0	0	0	0	0	0	0	0	0
mmu-miR-1894-3p	0	0	0	0	0	0	0	0	0	0	0	0	0	0	0	0	0	0	0	0	0	0	0	0	0	0	0	0
mmu-miR-1893	0	0	0	0	0	0	0	0	0	0	0	0	0	0	0	0	0	0	0	0	0	0	0	0	0	0	0	0
mmu-miR-1901	0	0	0	0	0	0	0	0	0	0	0	0	0	0	0	0	0	0	0	0	0	0	0	0	0	0	0	0
mmu-miR-1927	3	1	7	5	2	5	11	9	1	2	4	6	3	4	3	5	1	6	2	2	1	2	2	4	3	0	2	2
mmu-miR-1928	0	0	0	0	0	0	0	0	0	0	0	0	0	0	0	0	0	0	0	0	0	0	0	0	0	0	0	0
mmu-miR-1929-5p	1	0	0	0	0	1	1	1	1	0	1	1	1	0	2	0	0	1	0	1	0	1	0	0	0	0	0	0
mmu-miR-1929-3p	0	0	0	0	1	0	0	0	0	1	0	0	0	1	0	0	0	3	1	0	0	0	0	0	0	0	0	0
mmu-miR-1930-5p	2	1	5	0	0	0	0	0	7	1	2	1	10	3	3	1	5	3	2	4	0	6	6	6	2	0	2	0
mmu-miR-1930-3p	0	0	0	0	0	0	2	0	0	0	0	0	0	0	0	0	0	0	0	0	0	0	0	0	0	0	0	0
mmu-miR-1931	0	0	0	0	0	0	0	0	0	0	0	0	0	0	0	0	0	0	0	0	0	0	0	0	0	0	0	0
mmu-miR-1932	0	0	0	0	0	0	0	0	0	0	0	0	0	0	0	0	0	0	0	0	0	0	0	0	0	0	0	0
mmu-miR-1933-5p	0	0	0	0	0	0	0	0	0	0	0	0	0	0	0	0	0	1	0	0	0	0	0	1	0	0	0	0
mmu-miR-1933-3p	2	1	0	0	1	3	0	0	0	0	2	3	1	0	1	2	0	0	0	0	0	0	1	2	0	0	1	0
mmu-miR-1934-5p	2	1	0	0	0	0	4	0	1	2	0	1	0	0	1	0	0	0	2	0	3	2	4	6	6	0	3	2
mmu-miR-1934-3p	0	2	0	0	0	0	0	2	0	1	1	0	0	0	4	0	0	0	0	0	0	0	0	0	0	0	1	0
mmu-miR-1936	0	0	0	0	1	0	0	0	0	0	0	0	0	0	0	0	1	0	0	1	1	0	0	1	1	0	0	0
mmu-miR-1938	0	2	0	0	0	0	0	0	0	0	0	0	0	0	0	0	0	0	0	0	0	0	0	0	0	0	0	0
mmu-miR-1941-5p	0	2	0	0	0	0	0	0	5	4	0	1	5	2	3	3	1	0	1	1	0	0	0	0	1	1	0	1
mmu-miR-1941-3p	0	0	0	1	0	0	0	0	0	0	0	0	0	0	0	0	0	0	0	0	0	1	0	2	2	0	0	0
mmu-miR-1942	0	0	0	0	0	0	0	0	0	0	0	0	0	0	0	0	0	0	0	0	0	0	0	0	0	0	0	0
mmu-miR-1943-5p	0	2	0	0	0	0	0	0	2	1	3	1	1	0	2	1	0	0	0	0	0	0	0	0	0	0	0	0
mmu-miR-1943-3p	1	0	0	0	0	0	0	0	0	0	0	0	0	0	0	0	0	0	0	0	1	0	0	0	0	0	0	0
mmu-miR-1945	2	5	0	5	1	0	5	4	3	1	2	6	3	4	5	2	1	2	2	0	0	4	4	2	1	0	4	0
mmu-miR-1306-5p	63	76	141	62	41	53	82	44	36	56	30	71	136	102	51	38	26	38	47	43	61	48	52	82	35	7	50	7
mmu-miR-1306-3p	0	0	0	0	0	0	0	0	1	0	0	0	0	0	3	0	0	0	1	0	0	2	5	0	1	0	1	0
mmu-miR-1946a	0	2	0	0	2	0	0	0	1	0	0	1	3	1	0	2	0	0	0	1	0	0	1	0	0	0	0	0
mmu-miR-1947-5p	0	1	0	0	0	6	0	3	4	4	5	4	8	4	7	3	2	1	2	0	0	0	3	3	2	0	2	0
mmu-miR-1947-3p	0	0	0	0	0	0	0	0	0	0	0	0	0	0	0	0	0	0	0	0	0	0	0	0	0	0	0	0
mmu-miR-1948-5p	0	0	0	0	0	0	0	0	0	0	0	0	0	1	1	0	0	0	0	0	0	0	0	0	0	0	0	0
mmu-miR-1948-3p	0	0	0	0	0	0	0	0	0	0	0	0	0	0	0	0	0	0	0	1	0	1	0	0	1	0	0	0
mmu-miR-1949	0	0	0	0	7	4	0	0	13	5	5	6	0	4	10	3	0	0	1	2	1	0	0	1	1	1	1	0
mmu-miR-1950	0	0	0	0	0	0	0	0	0	0	0	0	0	1	0	0	0	0	0	0	0	0	0	0	0	0	0	0
mmu-miR-669l-5p	3	0	1	0	0	2	0	0	26	31	15	25	22	44	22	29	8	17	9	17	6	13	11	26	18	1	11	5
mmu-miR-669l-3p	0	0	0	0	0	0	0	0	0	0	0	0	2	0	0	0	2	5	4	2	0	2	5	3	5	1	3	0
mmu-miR-669m-5p	0	0	0	0	0	0	0	0	0	0	0	0	0	0	0	0	0	0	0	0	0	0	0	0	0	0	0	0
mmu-miR-669m-3p	4	2	0	5	1	0	1	5	2	1	0	2	8	2	5	0	13	24	15	13	6	32	12	21	16	4	18	3
mmu-miR-669o-5p	6	0	0	0	0	0	3	3	107	116	85	150	144	132	124	79	11	23	17	15	11	26	24	42	16	4	17	5
mmu-miR-669o-3p	0	0	0	0	0	0	0	0	0	0	0	0	0	0	0	0	0	0	0	0	0	0	0	0	0	0	0	0
mmu-miR-1951	0	0	0	0	0	0	0	0	1	0	0	0	0	0	0	0	0	0	0	0	0	0	0	0	0	0	0	0
mmu-miR-1952	0	0	0	0	0	0	0	0	0	0	0	0	0	0	0	0	0	0	0	0	0	0	0	0	0	0	0	0
mmu-miR-1953	0	0	0	0	0	0	2	0	0	0	0	0	0	0	0	0	0	0	0	0	0	0	0	0	0	0	0	0
mmu-miR-1954	0	0	0	0	0	0	0	0	0	0	0	1	0	1	2	0	0	0	0	0	0	0	0	0	0	0	0	0
mmu-miR-1955-5p	0	0	0	0	0	0	0	0	1	1	1	1	2	1	2	0	0	0	0	0	0	0	1	1	0	0	0	0
mmu-miR-1955-3p	0	0	0	0	0	0	0	0	0	0	0	0	0	0	0	0	0	0	0	1	0	0	1	0	2	0	0	1
mmu-miR-669n	0	0	0	0	0	0	0	0	0	0	0	0	0	0	0	0	0	0	0	0	0	0	0	0	0	0	1	0
mmu-miR-1956	0	0	0	0	0	0	0	0	0	0	0	0	0	0	0	0	0	0	0	0	0	0	0	0	0	0	0	0
mmu-miR-1958	0	0	0	0	2	0	1	0	0	0	0	2	0	0	0	2	1	1	0	0	0	0	0	1	0	2	0	0
mmu-miR-1960	0	0	0	0	0	0	1	0	0	0	0	0	0	0	1	0	0	0	0	0	0	0	0	0	0	0	0	0
mmu-miR-1961	0	0	0	0	0	0	0	0	0	0	0	0	0	0	0	0	0	0	0	0	0	0	0	0	0	0	0	0
mmu-miR-1962	0	0	0	0	0	0	0	0	0	0	0	0	0	0	0	0	0	0	0	0	0	0	0	0	0	0	0	0
mmu-miR-1963	0	0	0	0	0	0	0	0	0	0	0	0	0	0	0	0	0	0	0	0	0	0	0	0	0	0	0	0
mmu-miR-1964-5p	0	0	0	0	0	0	0	0	0	1	0	0	0	0	1	3	0	0	0	0	0	1	0	0	0	0	0	0
mmu-miR-1964-3p	0	1	0	0	0	0	0	2	2	1	2	0	0	0	4	0	0	0	0	0	0	2	0	1	0	0	1	4
mmu-miR-1966-5p	0	0	0	0	0	0	0	0	0	0	0	0	0	0	0	0	0	0	0	0	0	0	0	0	0	0	0	0
mmu-miR-1966-3p	0	0	0	0	0	0	0	0	0	0	0	0	0	0	0	0	0	0	0	0	0	0	0	0	0	0	0	0
mmu-miR-1967	0	0	0	0	0	0	0	0	0	0	0	0	0	0	0	0	0	0	0	0	0	0	0	0	0	0	0	0
mmu-miR-1968-5p	0	0	0	0	0	0	0	1	0	5	5	10	6	3	3	3	0	2	1	0	0	1	1	0	1	0	0	0
mmu-miR-1968-3p	0	0	0	0	0	0	0	0	0	0	0	0	0	0	0	0	0	0	0	0	0	0	0	0	0	0	0	0
mmu-miR-1969	5	6	0	11	2	4	5	0	0	0	2	2	0	0	0	0	7	10	5	6	2	14	8	8	2	3	10	2
mmu-miR-1946b	0	0	0	0	2	0	0	0	0	0	0	0	1	1	0	1	0	0	0	0	0	0	0	0	1	1	0	0
mmu-miR-1970	0	0	0	0	3	0	0	2	0	0	0	0	2	0	0	0	0	0	0	1	0	0	0	1	2	0	0	0
mmu-miR-1971	0	0	0	0	0	0	0	0	0	0	0	0	0	0	0	0	0	0	0	0	0	0	0	0	0	0	0	0
mmu-miR-1983	20	15	1	5	30	10	5	11	43	49	61	67	83	32	55	25	21	32	24	22	25	31	26	54	34	2	19	13
mmu-miR-1839-5p	256	139	69	104	159	182	124	116	198	367	527	490	220	126	603	588	203	392	283	349	159	316	256	375	279	59	322	205
mmu-miR-1839-3p	1	0	0	0	2	1	0	1	3	8	1	1	2	0	0	2	7	6	1	5	2	12	3	5	5	2	3	4
mmu-miR-1981-5p	207	180	184	160	175	240	226	197	181	149	169	263	188	49	152	190	32	39	59	85	40	33	51	39	39	5	41	22
mmu-miR-1981-3p	3	7	11	0	0	1	1	3	3	0	7	1	1	1	2	2	1	4	3	3	1	3	7	7	1	0	2	0
mmu-miR-1982-5p	1	1	0	0	0	2	0	1	0	0	0	0	1	1	0	0	1	0	0	0	0	3	1	0	1	0	1	0
mmu-miR-1982-3p	4	2	5	0	0	2	0	1	2	0	0	0	0	0	1	1	3	1	0	1	0	1	1	3	1	0	1	1
mmu-miR-2136	0	0	0	0	0	0	0	0	0	0	0	0	0	0	0	0	0	0	0	0	0	0	0	0	0	0	0	0
mmu-miR-2137	35	41	32	3	52	22	37	36	57	31	41	25	158	35	61	67	48	58	69	188	50	42	60	34	92	31	133	69
mmu-miR-2139	0	0	0	0	0	0	0	0	0	0	0	0	0	0	0	0	0	0	0	0	0	0	0	0	0	0	0	0
mmu-miR-2183	0	0	0	0	0	0	0	0	0	0	0	0	0	0	0	0	0	0	0	0	0	0	0	0	0	0	0	0
mmu-miR-432	0	0	0	0	0	0	0	0	0	0	0	0	0	0	0	0	0	0	0	0	0	0	0	0	0	0	0	0
mmu-miR-599	0	0	0	0	0	0	0	0	0	0	0	0	0	0	0	0	0	0	0	0	0	0	0	0	0	0	0	0
mmu-miR-767	0	0	0	0	0	0	0	0	0	0	0	0	0	0	0	0	0	0	0	0	0	0	0	0	0	0	0	0
mmu-miR-664-5p	3	1	16	0	10	3	14	8	0	2	2	2	3	0	3	1	0	5	2	1	1	1	0	2	1	0	1	0
mmu-miR-664-3p	4	0	0	0	0	0	2	0	1	4	5	3	7	1	14	10	5	13	18	9	3	5	17	14	18	1	7	4
mmu-miR-2861	0	0	0	0	0	0	0	0	0	0	0	0	0	0	0	0	0	0	0	0	0	0	0	0	0	0	0	0
mmu-miR-3057-5p	1	1	3	5	0	0	0	0	4	1	3	2	1	0	3	2	0	4	1	1	0	0	0	4	0	0	1	0
mmu-miR-3057-3p	3	0	0	0	0	4	0	0	0	0	0	1	0	0	0	0	0	0	0	0	0	1	0	0	0	0	0	0
mmu-miR-1251-5p	0	0	0	0	0	0	0	0	1	0	1	5	0	0	0	0	1	2	0	1	1	1	0	1	0	0	6	0
mmu-miR-1251-3p	0	0	0	0	0	0	0	0	0	0	1	0	0	0	0	0	0	0	0	0	0	0	0	0	0	0	0	0
mmu-miR-3060-5p	0	0	0	0	0	0	0	0	0	0	0	0	0	0	0	0	0	0	0	0	0	0	0	0	0	0	0	0
mmu-miR-3060-3p	0	0	0	0	8	0	0	0	0	4	0	4	1	2	1	1	0	0	2	0	1	1	0	1	0	0	0	0
mmu-miR-3061-5p	0	3	0	0	3	0	0	0	0	1	2	1	2	0	1	2	1	0	0	0	0	1	0	1	0	0	0	0
mmu-miR-3061-3p	1	0	0	0	0	0	0	0	0	0	0	0	0	0	1	0	0	0	1	0	0	0	0	0	0	0	0	0
mmu-miR-3062-5p	3	3	0	2	0	2	0	1	2	3	2	5	3	2	4	2	1	2	1	3	2	0	3	4	1	1	5	1
mmu-miR-3062-3p	0	0	0	0	0	0	0	0	0	0	0	0	0	0	0	0	0	0	0	0	0	0	0	0	0	0	0	0
mmu-miR-3063-5p	0	0	0	0	0	0	0	0	0	0	0	0	0	0	0	0	0	0	0	0	0	0	0	0	0	0	0	0
mmu-miR-3063-3p	0	0	0	0	0	0	0	0	0	0	0	0	0	0	0	0	0	0	0	0	0	0	0	0	0	0	0	0
mmu-miR-3064-5p	2	1	0	0	8	1	0	0	2	3	11	9	1	0	6	3	2	2	2	0	0	2	1	2	4	0	3	0
mmu-miR-3064-3p	0	0	0	0	0	0	0	0	1	0	0	0	0	0	0	0	0	0	0	0	0	0	0	0	0	0	0	0
mmu-miR-3065-5p	4	0	0	0	0	1	0	0	0	1	0	0	0	0	1	0	1	2	0	0	0	1	0	0	1	0	0	0
mmu-miR-3065-3p	3	0	0	0	0	1	0	0	0	0	0	0	0	0	0	0	0	0	0	0	0	1	0	0	0	0	0	0
mmu-miR-3066-5p	6	15	0	0	7	1	8	3	0	10	2	5	9	5	4	5	4	10	4	0	0	2	4	14	4	0	6	1
mmu-miR-3066-3p	0	9	1	3	4	3	3	2	1	1	0	0	0	0	3	0	4	2	3	0	4	4	7	7	0	0	3	0
mmu-miR-3067-5p	0	0	0	0	0	0	0	0	0	2	0	0	0	0	1	0	1	0	0	0	0	0	0	0	0	0	0	0
mmu-miR-3067-3p	0	0	0	0	0	0	0	0	1	0	0	0	0	0	0	0	0	0	0	0	0	0	0	0	0	0	0	0
mmu-miR-3068-5p	20	20	0	1	18	16	30	15	31	62	128	162	23	17	127	122	10	41	30	32	14	36	18	19	39	3	39	27
mmu-miR-3068-3p	2	0	0	0	2	0	0	1	0	2	2	4	0	2	4	3	1	4	1	6	2	2	0	1	2	0	3	2
mmu-miR-3069-5p	0	0	0	0	1	0	6	0	0	0	0	0	0	0	0	0	1	1	1	3	0	1	0	2	0	0	0	0
mmu-miR-3069-3p	0	5	0	0	0	1	1	0	0	0	0	0	0	0	0	0	0	0	0	0	0	0	0	0	1	0	0	0
mmu-miR-3070-5p	0	0	0	0	0	0	0	0	0	0	0	0	0	0	0	0	0	0	0	0	0	0	0	0	0	0	0	0
mmu-miR-3070-3p	0	0	0	0	0	0	0	0	0	0	0	0	0	0	0	0	0	0	0	0	0	0	0	0	0	0	0	0
mmu-miR-3070-2-3p	0	0	0	0	0	0	0	0	0	0	0	0	0	0	0	0	0	0	0	0	0	0	0	0	0	0	0	0
mmu-miR-3071-5p	0	0	0	0	0	0	0	0	0	0	0	0	0	0	0	0	0	0	0	0	0	0	0	0	0	0	0	0
mmu-miR-3071-3p	0	0	0	0	0	0	0	0	0	0	0	0	0	0	0	0	0	0	0	0	0	0	0	0	0	0	0	0
mmu-miR-3072-5p	0	0	0	0	0	0	0	0	0	0	0	0	1	0	0	0	0	0	0	0	0	0	0	0	0	0	0	0
mmu-miR-3072-3p	0	2	0	1	2	2	7	3	0	3	4	3	6	2	2	0	0	3	3	2	4	1	7	4	5	0	5	1
mmu-miR-3073a-5p	0	0	0	0	0	0	0	0	0	0	0	0	0	0	0	0	0	0	0	0	0	0	0	0	0	0	0	0
mmu-miR-3073a-3p	0	0	0	0	0	0	0	0	0	0	0	0	0	0	0	0	0	1	0	0	0	1	0	1	0	0	0	0
mmu-miR-3074-5p	7	5	0	5	9	4	14	3	0	3	2	2	3	1	1	0	10	12	23	5	12	13	18	30	11	0	7	0
mmu-miR-3074-1-3p	0	0	0	0	0	0	0	0	1	0	0	0	0	0	0	0	0	0	1	1	0	2	2	1	2	0	0	0
mmu-miR-3075-5p	0	0	0	0	0	0	0	0	0	1	0	2	0	0	0	0	0	0	0	0	0	0	0	0	0	0	0	0
mmu-miR-3075-3p	0	0	0	0	0	0	0	0	0	0	0	0	0	0	0	0	0	0	0	0	0	0	0	0	0	0	0	0
mmu-miR-3076-5p	0	0	0	0	1	0	0	0	0	1	1	2	1	1	3	2	0	0	0	2	0	0	0	0	0	0	0	0
mmu-miR-3076-3p	0	0	0	0	0	0	0	0	2	1	0	0	0	0	0	0	0	0	0	0	0	0	0	1	0	0	1	0
mmu-miR-3077-5p	0	0	0	0	0	0	0	0	0	0	0	0	0	0	0	0	0	0	0	0	0	0	0	0	0	0	0	0
mmu-miR-3077-3p	0	0	0	0	0	0	0	0	0	0	0	0	0	0	0	0	0	0	0	0	1	0	0	2	0	0	1	0
mmu-miR-3078-5p	0	0	0	0	0	0	0	0	0	0	0	0	0	0	0	0	0	0	0	0	0	0	0	0	0	0	0	0
mmu-miR-3078-3p	0	0	0	0	0	0	0	0	0	0	0	0	0	0	0	0	0	0	0	0	0	0	0	0	0	0	0	0
mmu-miR-3079-5p	3	0	0	0	0	0	0	0	0	0	0	2	0	2	0	0	0	0	3	1	1	0	0	0	2	0	1	0
mmu-miR-3079-3p	0	0	0	0	0	0	2	0	0	0	1	0	0	0	0	0	1	1	2	0	0	0	2	2	0	0	0	0
mmu-miR-3080-5p	0	0	0	0	0	0	0	0	1	0	0	0	0	0	0	2	0	0	1	0	0	1	1	0	0	0	0	0
mmu-miR-3080-3p	0	0	0	0	0	0	0	0	0	0	0	0	0	0	0	0	0	0	0	0	1	0	0	0	0	0	0	0
mmu-miR-3081-5p	0	0	0	0	0	0	0	0	0	0	0	0	0	0	0	0	0	0	0	0	0	0	0	0	0	0	0	0
mmu-miR-3081-3p	0	0	0	0	0	0	0	0	0	0	0	0	0	0	0	0	0	0	0	0	0	0	0	0	2	0	0	0
mmu-miR-3082-5p	0	0	0	0	0	0	0	0	3	0	0	0	0	1	0	2	0	0	0	0	0	0	0	0	0	0	0	0
mmu-miR-3082-3p	0	0	0	0	0	0	0	0	0	0	0	0	0	0	0	0	0	0	0	0	0	0	0	0	0	0	0	0
mmu-miR-3083-5p	0	2	0	0	0	0	0	0	0	0	0	0	0	0	0	0	0	0	0	0	0	0	0	0	1	0	1	0
mmu-miR-3083-3p	0	0	0	0	0	0	0	0	0	0	0	0	0	0	0	0	0	0	0	0	2	2	0	0	2	0	0	0
mmu-miR-3084-5p	2	0	0	0	2	5	0	0	3	20	19	13	5	10	10	8	0	0	0	1	2	0	3	4	3	0	0	1
mmu-miR-3084-3p	0	0	0	0	0	0	0	0	0	0	0	0	0	1	0	0	1	0	0	0	0	0	0	0	1	1	1	1
mmu-miR-3085-5p	0	0	0	0	0	0	0	0	0	0	0	0	0	0	0	0	0	0	0	0	0	0	0	0	0	0	0	0
mmu-miR-3085-3p	0	0	0	0	0	0	0	0	0	0	0	0	0	0	0	0	1	0	0	0	1	0	0	0	0	0	0	0
mmu-miR-3086-5p	0	3	0	0	0	0	0	0	0	0	0	0	0	1	0	0	0	0	3	0	0	2	1	2	2	0	0	0
mmu-miR-3086-3p	0	0	0	0	0	0	0	0	0	0	0	0	0	0	0	0	0	0	0	0	0	0	0	0	1	0	0	0
mmu-miR-466m-5p	0	0	0	0	0	0	0	0	0	0	0	0	0	0	0	0	0	0	0	0	0	0	0	0	0	0	0	0
mmu-miR-466m-3p	7	4	0	5	13	4	6	0	3	6	1	3	5	7	3	5	9	8	4	6	15	19	5	19	7	4	6	0
mmu-miR-669d-2-3p	0	0	0	0	0	0	0	0	0	0	0	0	0	0	0	0	0	0	4	1	2	1	4	1	0	0	2	0
mmu-miR-466o-5p	0	0	0	0	0	0	0	0	0	0	0	0	0	0	0	0	0	0	0	0	0	0	0	0	0	0	0	0
mmu-miR-466o-3p	0	0	0	0	0	0	1	0	1	0	0	0	2	1	2	0	1	2	2	2	4	2	1	5	0	1	3	0
mmu-miR-669p-5p	0	0	0	0	0	0	0	0	0	0	0	0	0	0	0	0	0	0	0	0	0	0	0	0	0	0	0	0
mmu-miR-669p-3p	1	9	0	1	5	2	2	4	3	2	3	3	3	6	2	1	13	17	18	10	9	19	16	18	6	4	12	2
mmu-miR-466p-5p	0	0	0	0	0	0	0	0	0	0	0	0	0	0	0	0	0	0	0	0	0	0	0	0	0	0	0	0
mmu-miR-466p-3p	0	0	0	0	0	0	0	0	0	0	0	0	0	0	0	0	0	0	0	0	0	0	0	0	0	0	0	0
mmu-miR-466n-5p	0	0	0	0	0	0	0	0	0	4	0	5	1	4	3	3	0	0	1	0	2	1	2	1	1	0	1	1
mmu-miR-466n-3p	5	3	2	0	3	4	11	5	80	103	74	98	228	114	121	48	20	24	21	13	10	23	25	40	20	10	20	24
mmu-miR-3087-5p	0	0	0	0	0	0	0	0	0	0	0	0	0	0	0	0	0	0	0	0	0	0	0	0	0	0	0	0
mmu-miR-3087-3p	0	0	0	0	0	0	0	0	0	0	0	0	0	0	0	0	0	1	0	0	0	0	0	0	0	0	1	0
mmu-miR-3088-5p	0	0	0	4	0	0	1	0	0	0	1	2	0	0	1	0	0	0	1	0	0	2	0	1	0	0	3	1
mmu-miR-3088-3p	41	19	14	38	36	23	44	22	55	74	43	53	129	57	64	40	64	88	75	62	39	58	54	101	55	17	75	8
mmu-miR-3089-5p	0	0	0	0	0	0	0	0	0	0	0	0	0	0	0	0	0	0	0	0	0	0	0	0	0	0	0	0
mmu-miR-3089-3p	0	0	0	0	0	0	0	0	1	0	2	4	0	0	0	6	0	0	1	0	0	0	0	0	0	0	0	1
mmu-miR-3090-5p	0	0	0	0	0	0	0	0	0	0	0	0	0	0	0	0	0	0	0	0	0	0	0	0	0	0	0	0
mmu-miR-3090-3p	0	0	0	0	0	0	0	0	0	0	0	0	0	0	0	0	0	0	0	0	0	0	0	0	0	0	0	0
mmu-miR-3091-5p	0	0	0	0	0	0	0	0	0	0	0	0	0	0	0	0	0	0	0	0	0	0	0	0	0	0	1	0
mmu-miR-3091-3p	0	0	0	0	0	0	0	0	0	0	0	0	0	0	0	1	0	0	0	0	0	2	0	0	0	0	0	0
mmu-miR-3092-5p	0	0	0	0	0	0	0	0	0	0	0	0	0	0	0	0	0	0	0	0	0	0	0	0	0	0	0	0
mmu-miR-3092-3p	0	0	0	0	0	0	0	0	0	0	0	0	0	0	0	0	0	0	0	0	0	0	0	0	0	0	0	0
mmu-miR-3093-5p	0	0	0	0	0	0	0	0	0	0	0	0	0	0	0	0	0	0	0	0	0	0	0	0	0	0	0	0
mmu-miR-3093-3p	0	0	0	0	0	0	0	0	0	0	0	0	0	0	0	0	0	0	0	0	0	0	0	0	0	0	0	0
mmu-miR-3094-5p	0	0	0	0	2	0	0	0	0	0	2	0	0	0	0	0	0	0	0	0	0	0	0	1	0	0	0	0
mmu-miR-3094-3p	0	0	0	0	0	0	0	0	0	0	0	0	0	0	0	0	0	0	0	0	0	0	0	1	0	0	0	0
mmu-miR-3095-5p	0	0	0	0	0	0	0	0	0	0	0	0	0	0	0	0	0	0	0	0	0	0	0	0	0	0	0	0
mmu-miR-3095-3p	2	3	1	1	3	0	0	0	2	2	2	0	1	0	3	2	0	0	0	0	0	1	0	1	3	0	1	0
mmu-miR-3097-5p	0	0	0	0	0	4	0	0	8	4	2	2	2	0	0	8	0	0	0	0	4	0	2	2	0	0	0	0
mmu-miR-3097-3p	3	4	5	3	1	2	5	11	0	0	2	1	0	1	1	0	1	9	17	4	0	8	6	11	8	0	10	1
mmu-miR-3098-5p	0	0	0	0	0	0	0	0	0	2	1	1	0	1	1	0	1	0	0	0	0	2	0	0	0	0	0	0
mmu-miR-3098-3p	0	0	0	0	0	0	0	0	0	0	0	0	0	0	0	0	0	0	0	0	0	0	0	0	0	0	0	0
mmu-miR-3100-5p	3	0	0	0	0	0	0	1	0	0	0	0	0	2	0	0	0	0	0	0	0	0	0	0	0	0	0	0
mmu-miR-3100-3p	0	0	0	0	0	0	0	0	0	0	0	0	0	0	0	0	0	0	0	0	0	0	0	0	0	0	0	0
mmu-miR-3101-5p	0	0	0	0	0	0	0	0	0	0	0	1	0	0	0	0	0	0	0	0	0	1	0	0	2	0	0	0
mmu-miR-3101-3p	0	0	0	0	0	0	0	0	0	0	0	0	0	0	0	0	0	0	0	0	0	0	0	0	0	0	0	0
mmu-miR-344e-5p	0	0	0	0	0	0	0	0	0	0	0	0	0	0	0	0	0	0	0	0	0	0	0	0	0	0	0	0
mmu-miR-344e-3p	0	0	0	0	0	0	0	0	0	0	0	0	0	0	0	0	0	0	0	0	0	0	0	0	0	0	0	0
mmu-miR-344b-5p	0	0	0	0	0	0	0	0	0	0	0	0	0	0	0	0	0	0	0	0	0	0	0	0	0	0	0	0
mmu-miR-344b-3p	0	3	0	0	0	0	0	0	0	1	0	0	0	0	0	1	2	1	2	1	1	1	0	1	1	0	1	0
mmu-miR-344c-5p	0	0	0	0	0	0	0	0	0	0	0	0	0	0	0	0	0	0	0	0	0	0	0	0	0	0	0	0
mmu-miR-344c-3p	0	0	0	0	0	0	0	0	0	0	0	0	0	0	0	0	0	0	0	0	0	0	0	0	0	0	0	0
mmu-miR-344g-5p	0	0	0	0	0	0	0	0	0	0	0	0	0	0	0	0	0	0	0	0	0	0	0	0	0	0	0	0
mmu-miR-344g-3p	0	0	0	0	0	0	0	0	0	0	0	0	0	0	0	0	0	0	0	0	0	0	0	0	0	0	0	0
mmu-miR-344f-5p	0	0	0	0	0	0	0	0	0	0	0	0	0	0	0	0	0	0	0	0	0	0	0	0	0	0	0	0
mmu-miR-344f-3p	0	0	0	0	0	0	0	0	0	0	0	0	0	0	0	0	0	0	0	0	0	0	0	0	0	0	0	0
mmu-miR-3102-5p	0	0	0	0	0	0	0	0	1	0	0	0	0	0	0	0	0	0	0	1	0	0	0	0	0	0	0	0
mmu-miR-3102-5p.2-5p	0	0	0	0	0	0	0	0	0	0	0	0	0	0	0	0	0	0	0	0	0	0	0	0	0	0	0	0
mmu-miR-3102-3p.2-3p	0	0	0	0	0	3	0	0	0	0	0	0	0	0	0	0	0	0	0	0	0	0	2	0	1	0	0	0
mmu-miR-3102-3p	7	1	3	0	1	1	4	2	0	3	1	5	3	5	4	7	1	1	3	4	3	3	3	1	6	1	4	1
mmu-miR-3103-5p	0	0	0	0	0	0	0	0	0	0	0	0	1	0	0	0	0	0	0	0	0	0	0	0	0	0	0	0
mmu-miR-3103-3p	0	0	0	0	1	0	0	0	0	0	0	0	0	0	1	0	0	1	3	1	0	1	1	0	0	0	0	0
mmu-miR-3104-5p	0	0	0	0	0	0	0	0	0	0	0	0	0	0	0	0	0	0	0	0	0	0	0	0	0	0	0	0
mmu-miR-3104-3p	0	0	0	0	0	0	0	0	0	0	0	0	0	0	0	0	0	0	0	0	0	0	0	0	0	0	0	0
mmu-miR-3105-5p	1	0	0	0	0	0	1	0	15	10	5	18	31	15	9	5	0	2	4	4	0	2	2	1	2	0	3	0
mmu-miR-3105-3p	0	3	0	0	0	0	5	0	0	0	0	0	0	0	0	0	3	6	1	0	1	5	0	4	0	0	1	0
mmu-miR-486b-5p	0	0	0	0	0	0	0	0	0	0	0	0	0	0	0	0	0	0	0	0	0	0	0	0	0	0	0	0
mmu-miR-486b-3p	0	0	0	0	0	0	0	0	0	0	0	0	0	0	0	0	0	0	0	0	0	0	0	0	0	0	0	0
mmu-miR-3074-2-3p	0	0	0	0	0	0	0	0	0	0	0	0	0	0	0	0	0	0	0	0	0	0	0	0	0	0	0	0
mmu-miR-3108-5p	0	0	1	0	4	1	6	6	0	1	0	0	0	0	0	0	0	2	0	1	0	1	0	0	0	0	0	0
mmu-miR-3108-3p	0	0	0	0	0	0	0	0	0	0	0	0	0	0	0	0	0	0	0	0	0	0	0	0	0	0	0	0
mmu-miR-3109-5p	0	0	0	0	0	0	0	0	0	0	0	0	0	0	0	0	0	0	0	0	0	0	0	0	0	0	0	0
mmu-miR-3109-3p	0	0	0	0	0	0	0	0	0	0	0	0	0	0	0	0	0	0	0	1	0	0	0	0	0	0	0	0
mmu-miR-3110-5p	0	0	0	0	0	0	0	0	0	0	0	0	0	0	0	0	0	0	0	0	0	0	0	1	0	0	1	0
mmu-miR-3110-3p	0	0	0	0	0	0	0	0	0	0	0	0	0	0	0	0	0	0	0	0	0	0	0	0	0	0	0	0
mmu-miR-374c-5p	0	0	0	0	0	0	0	0	0	0	0	0	0	0	0	0	0	0	0	0	0	0	0	0	0	0	0	0
mmu-miR-374c-3p	0	0	0	0	0	0	0	0	0	0	0	0	0	0	0	0	0	0	0	0	0	0	0	0	0	0	0	0
mmu-miR-3112-5p	0	0	0	0	0	0	0	0	0	0	0	0	1	0	0	0	0	0	0	0	0	0	0	0	0	0	0	0
mmu-miR-3112-3p	0	0	0	0	0	0	0	0	0	0	0	0	0	0	0	0	0	0	0	0	0	0	0	0	0	0	0	0
mmu-miR-1912-5p	0	0	0	0	0	0	0	0	0	0	0	0	0	0	0	0	0	0	0	0	0	0	0	0	0	0	0	0
mmu-miR-1912-3p	0	0	0	0	0	0	0	0	0	0	0	0	1	0	0	0	1	0	0	0	0	0	0	0	0	0	0	0
mmu-miR-3113-5p	0	0	0	0	0	0	0	0	0	0	0	0	0	0	0	0	0	0	0	0	0	0	0	0	0	0	0	1
mmu-miR-3113-3p	0	0	0	0	0	0	0	0	0	0	0	0	0	0	0	0	0	0	0	0	0	0	0	0	0	0	0	0
mmu-miR-3470a	20	7	0	18	8	0	6	0	0	2	0	1	8	2	2	2	18	11	14	13	11	20	33	21	14	5	18	29
mmu-miR-3470b	9	2	0	1	2	3	5	1	1	0	1	0	0	0	0	2	9	10	14	15	13	13	18	9	15	5	18	13
mmu-miR-3471	2	4	0	0	2	0	0	0	0	0	0	0	0	0	0	0	5	4	4	4	1	5	6	2	2	2	5	6
mmu-miR-3472	1	0	0	3	1	0	0	2	1	0	0	1	7	2	1	0	4	5	4	0	8	10	2	4	4	0	1	1
mmu-miR-3473a	0	0	0	0	0	0	0	0	0	0	0	0	0	0	0	0	0	0	0	0	0	0	0	0	0	0	0	0
mmu-miR-3474	4	8	0	10	4	0	7	11	8	10	2	4	17	2	4	2	3	4	2	1	2	0	3	1	1	1	1	2
mmu-miR-3960	0	0	0	0	0	0	0	1	0	0	1	0	0	0	0	0	2	1	0	1	0	0	0	1	1	0	0	0
mmu-miR-3961	0	0	0	0	0	0	0	0	0	0	0	0	0	0	0	0	0	0	0	0	0	0	0	0	0	0	0	0
mmu-miR-28c	0	0	0	0	0	0	0	0	0	0	0	0	0	0	0	0	0	0	0	0	0	0	0	0	0	0	0	0
mmu-miR-3962	0	0	0	0	0	0	0	0	0	0	0	0	0	0	0	0	0	0	0	0	0	0	0	0	0	0	0	0
mmu-miR-3963	0	0	0	0	0	0	0	0	0	0	0	0	0	0	0	0	0	0	0	0	0	0	0	0	0	0	0	0
mmu-miR-3964	0	0	0	0	0	0	0	0	0	0	0	2	2	0	0	3	0	0	0	0	0	1	0	0	0	0	1	0
mmu-miR-1843b-5p	0	0	0	0	0	0	0	0	2	4	9	7	4	2	14	12	4	3	5	2	1	6	2	3	6	1	2	0
mmu-miR-1843b-3p	0	0	0	0	0	0	0	0	0	0	1	0	0	0	0	0	0	0	0	0	0	0	0	0	0	0	0	0
mmu-miR-3965	0	0	0	0	0	0	0	0	0	0	0	0	0	0	0	0	0	0	0	0	0	0	0	0	0	0	0	0
mmu-miR-378b	2	0	0	0	0	0	0	0	1	1	1	1	0	0	2	0	0	0	0	0	0	0	1	0	0	0	0	0
mmu-miR-101c	0	0	0	0	0	0	0	0	0	0	0	0	0	0	0	0	0	0	0	0	0	0	0	0	0	0	0	0
mmu-miR-3966	0	0	0	0	0	0	0	0	0	0	0	0	0	0	0	0	0	0	0	0	0	0	0	0	0	0	0	0
mmu-miR-3967	0	0	0	0	0	0	0	0	0	0	0	0	0	0	0	0	0	0	0	0	0	0	0	0	0	0	0	0
mmu-miR-3968	9	5	19	2	12	1	17	5	7	10	8	5	6	9	12	6	14	23	19	18	23	24	48	25	13	2	25	22
mmu-miR-3969	0	0	0	0	0	0	0	0	0	0	0	0	0	0	0	0	0	0	0	0	0	0	0	0	0	0	0	0
mmu-miR-28b	0	0	0	0	0	0	0	0	0	0	0	0	0	0	0	0	0	0	0	0	0	0	0	0	0	0	0	0
mmu-miR-3970	0	0	0	0	0	0	0	0	0	0	0	0	0	0	0	0	0	0	0	0	0	0	0	0	0	0	0	0
mmu-miR-3971	0	0	0	0	0	0	0	0	0	0	0	0	0	0	0	0	0	0	0	0	0	0	0	0	0	0	0	0
mmu-miR-3473b	21	17	26	31	5	23	26	16	12	23	28	48	89	37	74	85	13	33	12	35	18	17	26	5	44	13	54	44
mmu-miR-5046	0	0	0	0	0	0	0	0	0	0	0	0	0	0	0	0	0	0	0	0	0	0	0	0	0	0	0	0
mmu-miR-5098	0	0	0	0	0	0	0	0	0	0	0	0	0	0	0	0	0	0	0	0	0	0	0	0	0	0	0	0
mmu-miR-5099	2	0	0	0	0	0	0	0	3	0	0	0	0	0	0	0	0	1	0	0	0	1	0	1	0	0	0	0
mmu-miR-5100	14	1	10	11	18	6	12	23	17	18	18	21	21	15	21	23	6	17	17	11	17	36	19	14	24	6	24	16
mmu-miR-5101	0	0	0	0	0	0	0	1	0	0	0	0	0	0	0	0	0	0	1	0	0	0	0	0	0	0	0	0
mmu-miR-5103	0	0	0	0	0	0	0	0	0	0	0	2	0	0	0	0	2	0	0	0	0	0	0	0	0	0	0	0
mmu-miR-5104	0	0	0	0	0	0	0	0	5	3	1	14	0	1	5	5	0	0	0	0	0	0	0	0	0	0	0	0
mmu-miR-5106	0	6	0	0	0	0	5	1	0	0	0	0	0	0	0	0	0	2	0	0	0	0	0	0	1	0	0	0
mmu-miR-3473c	0	0	0	0	0	0	0	0	0	0	0	0	0	0	0	0	0	0	0	0	0	0	0	0	0	0	0	0
mmu-miR-5107-5p	0	0	0	0	0	0	0	0	2	0	0	0	0	0	1	0	0	0	0	0	0	0	0	0	0	0	0	0
mmu-miR-5107-3p	0	0	0	0	0	0	0	0	0	0	0	0	0	0	0	0	0	0	0	0	0	0	0	0	0	0	0	0
mmu-miR-5108	0	0	0	0	0	0	0	0	0	0	0	0	0	0	0	0	0	0	0	0	0	0	0	0	0	0	0	0
mmu-miR-5110	0	0	0	0	0	0	0	0	0	0	0	2	0	0	0	0	0	1	0	0	0	0	0	0	0	0	0	0
mmu-miR-5112	0	0	0	0	0	0	0	0	1	0	0	0	0	0	0	0	0	0	0	0	0	0	0	0	0	0	0	0
mmu-miR-5113	0	0	0	0	0	0	0	0	0	3	1	1	0	0	1	0	0	0	0	1	0	0	0	0	0	0	0	1
mmu-miR-5114	2	0	3	0	0	1	0	0	1	4	1	1	0	0	2	4	1	0	0	3	0	0	0	0	0	0	0	0
mmu-miR-5116	0	0	0	4	0	0	0	0	0	0	0	0	0	0	0	0	0	0	0	0	0	1	0	0	0	0	0	0
mmu-miR-5118	0	0	0	0	0	0	0	0	0	0	0	0	0	0	0	0	0	0	0	0	0	0	0	0	0	0	0	0
mmu-miR-5119	0	0	0	2	0	0	1	2	0	0	0	0	1	0	1	0	0	0	0	0	0	0	1	0	0	0	0	1
mmu-miR-5120	0	0	0	0	0	0	0	0	0	0	0	0	0	0	0	0	0	0	0	0	0	0	0	0	0	0	0	0
mmu-miR-5121	5	8	3	0	15	10	2	6	170	116	120	176	91	110	199	169	7	24	12	35	39	19	8	17	24	10	24	13
mmu-miR-5122	0	0	0	0	0	0	0	0	0	0	0	0	0	0	0	0	0	0	0	0	0	0	0	0	0	0	0	0
mmu-miR-466q	0	0	0	0	0	0	0	0	0	0	0	0	0	0	0	0	0	0	0	0	0	0	0	0	0	0	0	0
mmu-miR-3473d	0	0	0	0	0	0	1	5	0	1	8	2	4	0	1	5	1	1	1	0	2	0	1	0	0	0	2	0
mmu-miR-5123	3	0	0	0	0	0	0	0	4	6	2	5	3	2	17	3	1	2	4	1	1	2	1	1	5	1	3	1
mmu-miR-5124a	0	0	0	0	0	0	0	0	0	0	1	0	1	0	0	1	1	3	0	6	4	1	0	0	5	0	1	2
mmu-miR-5125	0	0	0	0	0	0	0	0	0	0	0	0	0	0	0	0	0	0	0	0	0	0	0	0	0	0	0	0
mmu-miR-3572-5p	0	0	0	0	0	0	0	0	0	0	2	0	0	0	0	0	0	0	0	0	0	0	0	0	0	0	1	0
mmu-miR-3572-3p	0	0	0	0	0	0	0	0	0	0	0	0	0	0	0	0	0	0	0	0	1	0	0	2	0	0	0	0
mmu-miR-5126	80	72	30	39	46	34	64	30	14	26	33	60	93	81	41	36	140	167	108	179	76	119	112	55	108	50	124	119
mmu-miR-5127	0	0	0	0	0	0	0	0	0	0	0	0	0	0	0	0	0	0	0	0	0	0	0	0	0	0	0	0
mmu-miR-5128	3	1	0	0	0	1	1	2	0	3	2	3	3	1	2	2	3	0	1	2	2	1	2	2	1	0	3	0
mmu-miR-5129-5p	0	0	0	0	0	0	0	0	3	2	5	5	0	2	2	5	1	0	0	0	0	0	0	0	3	0	0	0
mmu-miR-5129-3p	0	0	0	0	0	0	0	0	0	0	0	0	0	0	0	0	0	0	0	0	0	0	0	0	0	0	0	0
mmu-miR-5130	0	0	0	0	0	0	0	0	0	0	0	1	0	0	0	0	0	0	0	0	0	0	0	0	0	0	0	0
mmu-miR-5131	0	0	0	0	0	0	0	0	0	0	0	0	0	0	0	0	0	0	0	0	0	0	0	0	0	0	0	0
mmu-miR-5132-5p	0	0	0	0	0	0	0	0	0	0	1	0	0	0	1	0	0	1	2	0	0	0	0	0	0	0	0	0
mmu-miR-5132-3p	0	0	0	0	0	0	0	0	0	1	1	0	0	0	0	0	0	0	0	0	0	0	1	0	0	0	1	0
mmu-miR-5133	0	0	0	0	0	0	0	0	0	0	0	0	0	0	0	0	0	0	0	0	0	0	0	0	0	0	0	0
mmu-miR-5134-5p	0	0	0	0	0	0	0	0	0	0	0	0	0	0	0	0	0	0	1	1	0	0	0	0	0	0	0	0
mmu-miR-5134-3p	0	0	0	0	0	0	0	0	0	0	0	0	0	0	0	0	0	0	0	0	0	0	0	0	0	0	0	0
mmu-miR-5135	0	0	0	0	0	0	0	0	0	0	0	0	0	0	0	0	0	0	0	0	0	0	0	0	0	0	0	0
mmu-miR-5136	0	0	0	0	0	0	0	0	0	0	0	0	0	0	0	0	0	0	0	0	0	0	0	0	0	0	0	0
mmu-miR-3544-5p	0	0	0	0	0	0	0	0	1	0	0	0	0	0	0	0	2	0	0	0	0	0	1	0	0	0	0	0
mmu-miR-3544-3p	0	0	0	0	0	0	0	0	0	0	0	0	0	0	0	0	0	0	0	0	0	0	0	0	0	0	0	0
mmu-miR-299b-5p	0	0	0	0	0	0	0	0	0	0	0	0	0	0	0	0	0	0	0	0	0	0	0	0	0	0	0	0
mmu-miR-299b-3p	0	0	0	0	0	0	0	0	0	0	0	0	0	0	0	0	0	0	0	0	0	0	0	0	0	0	0	0
mmu-miR-5615-5p	0	0	0	0	0	0	0	0	0	0	0	0	0	0	0	0	0	0	0	0	0	0	0	0	0	0	0	0
mmu-miR-5615-3p	2	0	0	0	0	0	0	0	0	0	0	0	0	0	0	0	0	0	0	0	0	0	0	1	0	0	0	0
mmu-miR-1231-5p	0	0	0	0	0	0	0	0	0	0	0	0	0	0	0	0	0	0	0	0	0	0	0	0	0	0	0	0
mmu-miR-1231-3p	0	0	0	0	0	0	0	0	0	0	0	0	0	0	0	0	0	0	0	0	0	0	0	0	0	0	1	0
mmu-miR-5616-5p	0	0	0	0	0	0	0	0	0	0	0	0	0	0	0	0	0	0	0	0	0	0	0	1	0	0	0	0
mmu-miR-5616-3p	0	0	0	0	0	0	0	0	0	0	0	0	0	0	0	0	0	2	0	0	0	0	0	0	0	0	0	0
mmu-miR-5617-5p	0	0	0	0	0	0	0	0	1	1	0	0	0	0	0	0	0	0	0	0	0	0	0	0	0	0	0	0
mmu-miR-5617-3p	0	0	0	0	0	0	0	0	0	0	0	0	0	0	0	0	0	0	0	0	0	0	0	0	0	0	0	0
mmu-miR-5618-5p	0	0	0	0	0	0	0	0	0	0	0	0	0	0	0	0	0	0	0	0	0	0	0	0	0	0	0	0
mmu-miR-5618-3p	0	0	0	0	0	0	0	0	0	0	0	0	0	0	0	0	0	0	0	0	0	0	0	0	0	0	0	0
mmu-miR-5619-5p	0	0	0	0	0	0	0	0	0	0	0	0	0	0	0	0	0	0	0	0	0	0	0	0	0	0	0	0
mmu-miR-5619-3p	0	0	0	0	0	0	0	0	0	0	0	1	1	0	0	0	0	0	0	0	0	0	0	0	0	0	0	0
mmu-miR-5620-5p	0	0	0	0	0	0	0	0	0	0	0	0	0	0	0	0	0	0	0	0	0	1	0	0	0	0	0	0
mmu-miR-5620-3p	0	0	0	0	0	0	0	0	0	0	0	0	0	0	0	0	0	1	0	1	0	0	0	0	0	0	0	0
mmu-miR-5621-5p	0	0	0	0	0	0	0	0	0	0	0	0	0	0	0	0	0	0	0	0	0	0	0	0	0	0	0	0
mmu-miR-5621-3p	0	0	0	0	0	0	0	0	0	0	0	0	0	0	0	0	0	0	0	0	0	0	0	0	0	0	0	0
mmu-miR-5622-5p	0	0	0	0	0	0	0	0	0	0	0	0	0	0	0	0	0	0	0	1	0	1	1	0	0	0	0	0
mmu-miR-5622-3p	0	0	0	0	0	0	0	0	0	0	0	0	0	0	1	0	0	1	0	0	0	0	0	0	0	0	0	0
mmu-miR-5623-5p	0	0	0	0	0	0	0	0	0	0	0	0	0	0	0	0	0	0	0	0	0	0	0	0	0	0	0	0
mmu-miR-5623-3p	0	0	0	0	0	0	0	0	0	0	0	0	0	0	0	0	0	1	0	0	0	0	0	0	0	0	0	0
mmu-miR-3073b-5p	0	0	0	0	0	0	0	0	0	0	0	0	0	0	0	0	0	0	0	0	1	0	0	0	0	0	0	0
mmu-miR-3073b-3p	0	0	0	0	0	4	0	0	0	1	0	0	0	0	0	0	0	0	0	0	0	0	0	0	0	0	0	0
mmu-miR-5624-5p	0	0	0	0	0	0	0	0	0	0	0	0	0	0	0	0	0	0	0	0	0	0	0	0	0	0	0	0
mmu-miR-5624-3p	0	0	0	0	0	0	0	0	0	1	0	0	0	0	0	0	0	0	0	0	0	0	0	0	0	0	0	0
mmu-miR-5625-5p	0	0	0	0	0	0	0	0	0	0	0	0	0	0	0	0	0	0	0	0	0	0	0	0	0	0	0	0
mmu-miR-5625-3p	0	0	0	0	0	0	0	0	0	0	0	0	0	0	0	0	0	0	0	0	0	0	0	0	0	0	0	0
mmu-miR-5626-5p	4	0	3	0	0	0	3	1	0	2	1	1	2	0	0	0	2	4	5	3	1	1	1	1	1	0	1	0
mmu-miR-5626-3p	0	0	0	0	0	0	0	0	0	2	2	5	7	1	2	3	0	0	0	0	0	0	0	1	0	0	0	0
mmu-miR-344h-5p	0	0	0	0	0	0	0	0	0	0	0	0	0	0	0	0	0	0	0	0	0	0	0	0	0	0	0	0
mmu-miR-344h-3p	0	0	0	0	0	0	0	0	0	0	0	0	0	0	0	0	0	0	0	0	0	0	0	0	0	0	0	0
mmu-miR-5627-5p	0	0	0	0	0	0	0	0	0	0	0	0	0	0	0	0	0	0	0	0	0	0	0	0	0	0	0	1
mmu-miR-5627-3p	0	0	0	0	0	0	0	0	0	0	0	0	0	0	0	0	0	0	0	0	0	0	0	0	0	0	0	0
mmu-miR-344i	0	0	0	0	0	0	0	0	0	0	0	0	0	0	0	0	0	0	0	0	0	0	0	0	0	0	0	0
mmu-miR-5709-5p	0	0	0	0	0	0	0	0	0	0	0	0	0	0	0	0	0	0	0	0	0	0	0	0	0	0	0	0
mmu-miR-5709-3p	0	0	0	0	0	0	0	0	0	0	0	0	0	0	0	0	0	0	0	0	0	0	0	0	0	0	0	0
mmu-miR-5710	0	0	0	0	0	0	0	0	0	0	1	0	0	0	0	0	0	0	0	0	0	0	0	0	0	0	0	0
mmu-miR-6236	0	0	0	0	0	0	0	0	0	0	0	0	0	0	0	0	0	0	0	0	0	0	0	0	0	0	0	0
mmu-miR-6237	0	0	0	0	0	0	0	0	0	0	0	0	0	0	0	0	0	0	0	0	0	0	0	0	0	0	0	0
mmu-miR-6238	4	12	0	5	18	32	18	11	80	14	20	28	13	12	103	88	4	28	8	164	15	39	18	60	46	23	22	3
mmu-miR-6239	0	0	0	0	0	0	0	0	0	0	0	0	0	0	0	0	0	0	0	1	0	0	0	0	0	0	0	0
mmu-miR-6240	255	603	198	232	423	1166	995	446	2236	830	860	1162	1053	463	4801	4943	356	700	546	2311	467	589	622	669	842	324	831	99
mmu-miR-6241	0	0	0	0	0	0	0	0	0	0	0	0	0	0	0	0	0	0	0	0	0	0	0	0	0	0	0	0
mmu-miR-6244	0	0	0	0	0	0	0	0	0	0	0	0	0	0	0	0	0	0	0	0	0	0	0	0	0	0	0	0
mmu-miR-195b	0	0	0	0	0	0	0	0	0	0	0	0	0	0	0	0	0	0	0	0	0	0	0	0	0	0	0	0
mmu-miR-6335	0	0	0	0	0	0	0	0	0	0	0	0	0	0	0	0	0	0	0	0	0	0	0	0	0	0	0	0
mmu-miR-133c	0	0	0	0	0	0	0	0	0	0	0	0	0	0	0	0	0	0	0	0	0	0	0	0	0	0	0	0
mmu-miR-6336	0	0	0	0	0	0	0	0	0	0	0	0	0	0	0	0	0	0	0	0	0	0	0	0	0	0	0	0
mmu-miR-6337	0	0	0	0	0	0	0	0	0	0	0	0	0	0	0	0	0	0	0	0	0	0	0	0	0	0	0	0
mmu-miR-6338	0	0	0	0	0	0	0	0	0	0	0	0	0	0	0	0	0	0	0	0	0	0	0	0	0	0	0	0
mmu-miR-6339	0	0	0	0	0	0	0	0	0	0	0	0	0	0	0	0	0	0	0	0	0	0	0	0	0	0	0	0
mmu-miR-6340	0	0	0	0	0	0	0	0	0	0	0	0	0	0	0	0	0	0	0	0	0	0	0	0	0	0	0	0
mmu-miR-6341	0	0	0	0	0	0	0	0	0	0	0	0	0	0	0	0	0	0	0	0	0	0	0	0	0	0	0	0
mmu-miR-6342	0	0	0	0	0	0	0	0	0	0	0	0	0	0	0	0	0	0	0	0	0	0	0	0	0	0	0	0
mmu-miR-6343	0	0	0	0	0	0	0	0	0	0	0	0	0	0	0	0	0	0	0	0	0	0	0	0	0	0	0	0
mmu-miR-6344	0	0	0	0	0	0	0	0	0	0	0	0	0	0	0	0	0	0	0	0	0	0	0	0	0	0	0	0
mmu-miR-6345	0	0	0	0	0	0	0	0	0	0	0	0	0	0	0	0	0	0	0	0	0	0	0	0	0	0	0	0
mmu-miR-6346	0	0	0	0	0	0	0	0	0	0	0	0	0	0	0	0	0	0	0	0	0	0	0	0	0	0	0	0
mmu-miR-6347	0	0	0	0	0	0	0	0	0	0	0	0	0	0	0	0	0	0	0	0	0	0	0	0	0	0	0	0
mmu-miR-6348	0	0	0	0	0	0	0	0	0	0	0	0	0	0	0	0	0	0	0	0	0	0	0	0	0	0	0	0
mmu-miR-6349	0	0	0	0	0	0	0	0	0	0	0	0	0	0	0	0	0	0	0	0	0	0	0	0	0	0	0	0
mmu-miR-6350	0	0	0	0	0	0	0	0	0	0	0	0	0	0	0	0	0	0	0	0	0	0	0	0	0	0	0	0
mmu-miR-6351	0	0	0	0	0	0	0	0	0	0	0	0	0	0	0	0	0	0	0	0	0	0	0	0	0	0	0	0
mmu-miR-6352	0	0	0	0	0	0	0	0	0	0	0	0	0	0	0	0	0	0	0	0	0	0	0	0	0	0	0	0
mmu-miR-6353	0	0	0	0	0	0	0	0	0	0	0	0	0	0	0	0	0	0	0	0	0	0	0	0	0	0	0	0
mmu-miR-6354	0	0	0	0	0	0	0	0	0	0	0	0	0	0	0	0	0	0	0	0	0	0	0	0	0	0	0	0
mmu-miR-6355	0	0	0	0	0	0	0	0	0	0	0	0	0	0	0	0	0	0	0	0	0	0	0	0	0	0	0	0
mmu-miR-6356	0	0	0	0	0	0	0	0	0	0	0	0	0	0	0	0	0	0	0	0	0	0	0	0	0	0	0	0
mmu-miR-6357	0	0	0	0	0	0	0	0	0	0	0	0	0	0	0	0	0	0	0	0	0	0	0	0	0	0	0	0
mmu-miR-6358	0	0	0	0	0	0	0	0	0	0	0	0	0	0	0	0	0	0	0	0	0	0	0	0	0	0	0	0
mmu-miR-6359	0	0	0	0	0	0	0	0	0	0	0	0	0	0	0	0	0	0	0	0	0	0	0	0	0	0	0	0
mmu-miR-6360	0	0	0	0	0	0	0	0	0	0	0	0	0	0	0	0	0	0	0	0	0	0	0	0	0	0	0	0
mmu-miR-6361	0	0	0	0	0	0	0	0	0	0	0	0	0	0	0	0	0	0	0	0	0	0	0	0	0	0	0	0
mmu-miR-145b	0	0	0	0	0	0	0	0	0	0	0	1	0	0	0	0	0	0	0	1	0	0	0	0	0	0	0	0
mmu-miR-6362	0	0	0	0	0	0	0	0	0	0	0	0	0	0	0	0	0	0	0	0	0	0	0	0	0	0	0	0
mmu-miR-6363	0	0	0	0	0	0	0	0	0	0	0	0	0	0	0	0	0	0	0	0	0	0	0	0	0	0	0	0
mmu-miR-6364	0	0	0	0	0	0	0	0	0	0	0	0	0	0	0	0	0	0	0	0	0	0	0	0	0	0	0	0
mmu-miR-6365	0	0	0	0	0	0	0	0	0	0	0	0	0	0	0	0	0	0	0	0	0	0	0	0	0	0	0	0
mmu-miR-6366	0	0	0	0	0	0	0	0	0	0	0	0	0	0	0	0	0	0	0	0	0	0	0	0	0	0	0	0
mmu-miR-6367	0	0	0	0	0	0	0	0	0	0	0	0	0	0	0	0	0	0	0	0	0	0	0	0	0	0	0	0
mmu-miR-6368	0	0	0	0	0	0	0	0	0	0	0	0	0	0	0	0	0	0	0	0	0	0	0	0	0	0	0	0
mmu-miR-6369	0	0	0	0	0	0	0	0	0	0	0	0	0	0	0	0	0	0	0	0	0	0	0	0	0	0	0	0
mmu-miR-6370	0	0	0	0	0	0	0	0	0	0	0	0	0	0	0	0	0	0	0	0	0	0	0	0	0	0	0	0
mmu-miR-6371	0	0	0	0	0	0	0	0	0	0	0	0	0	0	0	0	0	0	0	0	0	0	0	0	0	0	0	0
mmu-miR-6372	0	0	0	0	0	0	0	0	0	0	0	0	0	0	0	0	0	0	0	0	0	0	0	0	0	0	0	0
mmu-miR-6373	0	0	0	0	0	0	0	0	0	0	0	0	0	0	0	0	0	0	0	0	0	0	0	0	0	0	0	0
mmu-miR-6374	0	0	0	0	0	0	0	0	0	0	0	0	0	0	0	0	0	0	0	0	0	0	0	0	0	0	0	0
mmu-miR-6375	0	0	0	0	0	0	0	0	0	0	0	0	0	0	0	0	0	0	0	0	0	0	0	0	0	0	0	0
mmu-miR-6376	0	0	0	0	0	0	0	0	0	0	0	0	0	0	0	0	0	0	0	0	0	0	0	0	0	0	0	0
mmu-miR-21b	0	0	0	0	0	0	0	0	0	0	0	0	0	0	0	0	1	0	0	0	0	0	0	0	0	0	0	0
mmu-miR-6377	0	0	0	0	0	0	0	0	0	0	0	0	0	0	0	0	0	0	0	0	0	0	0	0	0	0	0	0
mmu-let-7j	1093	734	361	487	756	822	714	537	2695	3084	3647	4325	1127	815	4041	3123	234	576	438	716	277	462	326	623	606	102	303	342
mmu-miR-6378	0	0	0	0	0	0	0	0	0	0	0	0	0	0	0	0	0	0	0	0	0	0	0	0	0	0	0	0
mmu-miR-6379	0	0	0	0	0	0	0	0	0	0	0	0	0	0	0	0	0	0	0	0	0	0	0	0	0	0	0	0
mmu-miR-6380	0	0	0	0	0	0	0	0	0	0	0	0	0	0	0	0	0	0	0	0	0	0	0	0	0	0	0	0
mmu-miR-6381	0	0	0	0	0	0	0	0	0	0	0	0	0	0	0	0	0	0	0	0	0	0	0	0	0	0	0	0
mmu-miR-6382	0	0	0	0	0	0	0	0	0	0	0	0	0	0	0	0	0	0	0	0	0	0	0	0	0	0	0	0
mmu-miR-6383	0	0	0	0	0	0	0	0	0	0	0	0	0	0	0	0	0	0	0	0	0	0	0	0	0	0	0	0
mmu-miR-6384	0	0	0	0	0	0	0	0	0	0	0	0	0	0	0	0	0	0	0	0	0	0	0	0	0	0	0	0
mmu-miR-6385	0	0	0	0	0	0	0	0	0	0	0	0	0	0	0	0	0	0	0	0	0	0	0	0	0	0	0	0
mmu-miR-130c	0	0	0	0	0	0	0	0	0	0	0	0	0	0	0	0	0	0	0	0	0	0	0	0	0	0	0	0
mmu-miR-6386	0	0	0	0	0	0	0	0	0	0	0	0	0	0	0	0	0	0	0	0	0	0	0	0	0	0	0	0
mmu-miR-6387	0	0	0	0	0	0	0	0	0	0	0	0	0	0	0	0	0	0	0	0	0	0	0	0	0	0	0	0
mmu-miR-6388	0	0	0	0	0	0	0	0	0	0	0	0	0	0	0	0	0	0	0	0	0	0	0	0	0	0	0	0
mmu-miR-5124b	0	0	0	0	0	0	0	0	0	0	0	0	0	0	0	0	0	0	0	0	0	0	0	0	0	0	0	0
mmu-miR-6389	0	0	0	0	0	0	0	0	0	0	0	0	0	0	0	0	0	0	0	0	0	0	0	0	0	0	0	0
mmu-miR-378c	0	0	0	0	0	0	0	0	0	0	0	0	0	0	2	0	0	0	0	1	0	0	0	0	0	0	0	0
mmu-miR-6390	0	0	0	0	0	0	0	0	0	0	0	0	0	0	0	0	0	0	0	0	0	0	0	0	0	0	0	0
mmu-miR-6391	0	0	0	0	0	0	0	0	0	0	0	0	0	0	0	0	0	0	0	0	0	0	0	0	0	0	0	0
mmu-miR-6392-5p	0	0	0	0	0	0	0	0	0	0	0	0	0	0	0	0	0	0	1	0	0	0	0	0	0	0	0	0
mmu-miR-6392-3p	0	0	0	0	0	0	0	0	0	0	0	0	0	0	0	0	0	0	0	0	0	0	0	0	0	0	0	0
mmu-miR-6393	0	0	0	0	0	0	0	0	0	0	0	0	0	0	0	0	0	0	0	0	0	0	0	0	0	0	0	0
mmu-miR-6394	0	0	0	0	0	0	0	0	0	0	0	0	0	0	0	0	0	0	0	0	0	0	0	0	0	0	0	0
mmu-miR-6395	0	0	0	0	0	0	0	0	0	0	0	0	0	0	0	0	0	5	2	0	0	1	1	0	1	0	0	1
mmu-miR-6396	0	0	0	0	0	0	0	0	0	0	0	0	0	0	0	0	0	0	0	0	0	0	0	0	0	0	0	0
mmu-miR-21c	0	0	0	0	0	0	0	0	0	0	0	0	0	0	0	0	0	0	0	0	0	0	0	0	0	0	0	0
mmu-miR-6397	0	0	0	0	0	0	0	0	0	0	0	0	0	0	0	0	0	0	0	0	0	0	0	0	0	0	0	0
mmu-miR-6398	0	0	0	0	0	0	0	0	0	0	0	0	0	0	0	0	0	0	0	0	0	0	0	0	0	0	0	0
mmu-miR-6399	0	0	0	0	0	0	0	0	0	1	0	0	0	0	0	0	0	0	0	0	0	0	0	0	0	0	0	0
mmu-miR-6400	0	0	0	0	0	0	0	0	0	0	0	0	0	0	0	0	0	0	0	0	0	0	0	0	0	0	0	0
mmu-miR-6401	0	0	0	0	0	0	0	0	0	0	0	0	0	0	0	0	0	0	0	0	0	0	0	0	0	0	0	0
mmu-miR-6402	0	0	0	0	0	0	0	0	0	0	0	0	0	0	0	0	0	0	0	0	0	0	0	0	0	0	0	0
mmu-miR-6403	0	0	0	0	0	0	0	0	0	0	0	0	0	0	0	0	0	0	0	0	0	0	0	0	0	0	0	0
mmu-miR-6404	0	0	0	0	0	0	0	0	0	0	0	0	0	0	0	0	0	0	0	0	0	0	0	0	0	0	0	0
mmu-miR-6405	0	0	0	0	0	0	0	0	0	0	0	0	0	0	0	0	0	0	0	0	0	0	0	0	0	0	0	0
mmu-miR-496b	0	0	0	0	0	0	0	0	0	0	0	0	0	0	0	0	0	0	0	0	0	0	0	0	0	0	0	0
mmu-miR-6406	0	0	0	0	0	0	0	0	0	0	0	0	0	0	0	0	0	0	0	0	0	0	0	0	0	0	0	0
mmu-miR-6407	0	0	0	0	0	0	0	0	0	0	0	0	0	0	0	0	0	0	0	0	0	0	0	0	0	0	0	0
mmu-miR-6408	0	0	0	0	0	0	0	0	0	0	0	0	0	0	0	0	0	0	0	0	0	0	0	0	0	0	0	0
mmu-miR-6409	0	0	0	0	0	0	0	0	0	0	0	0	0	0	0	0	0	0	0	0	0	0	0	0	0	0	0	0
mmu-miR-6410	0	0	0	0	0	0	0	0	0	0	0	0	0	0	0	0	0	0	0	0	0	0	0	0	0	0	0	0
mmu-miR-6411	0	0	0	0	0	0	0	0	0	0	0	0	0	0	0	0	0	0	0	0	0	0	0	0	0	0	0	0
mmu-miR-6412	16	16	2	8	14	3	8	17	0	1	2	2	12	5	1	0	27	28	16	16	25	44	34	31	21	9	25	20
mmu-miR-6413	0	0	0	0	0	0	0	0	0	0	0	0	0	0	0	0	0	0	0	0	0	0	0	0	0	0	0	0
mmu-miR-378d	7	10	0	0	2	11	7	8	23	27	35	28	12	8	74	38	6	20	16	22	20	22	19	23	29	6	16	21
mmu-miR-6414	0	0	0	0	0	0	0	0	0	0	0	0	0	0	0	0	0	0	0	0	0	0	0	0	0	0	0	0
mmu-miR-6415	0	0	0	0	0	0	0	0	0	0	0	0	0	0	0	0	0	0	0	0	0	0	0	0	0	0	0	0
mmu-miR-6416-5p	0	0	0	0	0	0	0	0	0	0	0	0	0	0	0	0	0	0	0	0	0	0	0	0	0	0	0	0
mmu-miR-6416-3p	0	0	0	0	0	0	0	0	0	0	0	0	0	0	0	0	0	0	0	0	0	0	0	0	0	0	0	0
mmu-miR-6417	0	0	0	0	0	0	0	0	0	0	0	0	0	0	0	0	0	0	0	0	0	0	0	0	0	0	0	0
mmu-miR-6418-5p	0	0	0	0	0	0	0	0	0	0	0	0	0	0	0	0	0	0	0	0	0	0	0	0	0	0	0	0
mmu-miR-6418-3p	0	0	2	0	0	0	0	0	0	1	0	0	0	0	1	0	5	8	1	6	2	2	8	6	0	0	3	0
mmu-miR-6419	0	0	0	0	0	0	0	0	0	0	0	0	0	0	0	0	0	0	0	0	0	0	0	0	0	0	0	0
mmu-miR-6420	0	0	0	0	0	0	0	0	0	0	0	0	0	0	0	0	0	0	0	0	0	0	0	0	0	0	0	0
mmu-miR-873b	0	0	0	0	0	0	0	0	0	0	0	0	0	0	0	0	0	0	0	0	0	0	0	0	0	0	0	0
mmu-miR-451b	0	0	0	0	0	0	0	0	0	0	0	0	0	0	0	0	0	0	0	0	0	0	0	0	0	0	0	0
mmu-miR-30f	0	0	0	0	0	0	0	0	0	0	0	0	0	0	0	0	0	0	0	0	0	0	0	0	0	0	0	0
mmu-miR-6481	0	0	0	0	0	0	0	0	0	0	0	0	0	0	0	0	0	0	0	0	0	0	1	0	0	0	0	0
mmu-miR-6516-5p	0	0	0	0	0	0	0	0	1	4	8	5	0	0	5	2	2	0	0	1	0	2	0	2	0	0	0	0
mmu-miR-6516-3p	0	0	0	0	0	0	0	0	0	0	0	0	0	0	0	0	0	0	0	0	0	0	0	0	0	0	0	0
mmu-let-7k	0	0	0	0	0	0	0	0	0	0	1	0	0	0	0	0	0	0	0	0	0	0	0	0	0	0	0	0
mmu-miR-6537-5p	0	0	0	0	0	0	0	0	0	0	0	0	0	0	0	0	0	0	0	0	0	0	0	0	0	0	0	0
mmu-miR-6537-3p	0	0	0	0	0	0	0	0	0	0	0	0	0	1	0	0	0	0	0	0	0	0	0	2	0	0	0	0
mmu-miR-6538	0	1	0	6	3	6	8	0	13	4	9	6	73	37	90	89	7	11	8	80	7	13	11	3	16	7	21	7
mmu-miR-6539	0	0	0	0	0	0	0	0	0	0	0	0	0	0	1	2	0	0	0	0	0	2	0	1	0	0	0	0
mmu-miR-6540-5p	0	0	0	0	0	0	0	0	0	0	0	0	0	0	0	0	0	0	0	0	0	0	0	0	0	0	0	0
mmu-miR-6540-3p	0	0	0	0	0	0	0	0	0	0	0	0	0	0	0	0	0	0	0	0	0	0	0	0	0	0	0	0
mmu-miR-3473e	25	5	27	27	10	10	21	4	2	3	1	1	5	2	0	0	16	3	3	5	0	1	4	2	6	0	6	12
mmu-miR-6541	0	0	0	0	0	0	0	0	0	0	0	0	0	0	0	0	0	0	0	0	0	0	0	0	0	0	0	0
mmu-miR-6896-5p	0	0	0	0	0	0	0	0	0	0	0	0	0	0	0	0	0	0	0	0	0	0	0	0	0	0	0	0
mmu-miR-6896-3p	0	0	0	0	0	0	0	0	0	0	0	0	0	0	0	0	0	0	0	0	0	0	0	0	0	0	0	0
mmu-miR-6897-5p	0	0	0	0	0	0	0	0	2	0	0	1	0	0	0	1	0	0	0	0	0	0	0	0	0	0	0	0
mmu-miR-6897-3p	0	0	0	0	0	0	0	0	0	0	0	0	0	0	0	0	0	0	0	0	0	0	0	0	0	0	0	0
mmu-miR-6898-5p	0	0	0	0	0	0	0	0	0	0	1	0	0	0	0	0	0	0	0	0	0	0	0	0	0	0	0	0
mmu-miR-6898-3p	0	0	0	0	0	0	0	0	0	0	0	0	0	0	0	0	0	0	0	0	0	0	0	0	0	0	0	0
mmu-miR-6899-5p	0	0	0	0	0	0	0	0	0	0	0	0	0	0	0	0	0	0	0	0	0	0	0	0	0	0	0	0
mmu-miR-6899-3p	0	0	0	0	0	0	0	0	0	0	0	0	0	0	0	0	0	0	0	0	0	0	0	0	0	0	0	0
mmu-miR-6900-5p	0	0	0	0	0	0	0	0	0	0	0	2	0	0	1	0	0	0	0	0	0	0	1	0	0	0	0	0
mmu-miR-6900-3p	0	4	0	0	0	0	0	0	0	0	1	4	1	0	1	0	0	1	0	1	0	0	0	0	0	0	0	1
mmu-miR-6901-5p	0	0	0	0	0	0	0	0	0	0	0	0	0	0	0	0	0	0	0	0	0	0	0	0	0	0	0	0
mmu-miR-6901-3p	0	0	0	0	0	0	0	0	0	0	0	0	0	0	0	0	0	0	0	0	0	0	0	0	0	0	0	0
mmu-miR-6902-5p	0	0	0	0	0	0	0	0	0	0	0	0	0	0	0	0	0	1	0	0	0	0	0	0	1	0	0	0
mmu-miR-6902-3p	0	0	0	0	0	0	0	0	0	0	0	0	0	0	0	0	0	0	0	0	0	0	0	0	0	0	0	0
mmu-miR-6903-5p	0	0	0	0	0	0	0	0	0	0	2	0	0	0	0	0	0	0	0	0	0	0	0	0	0	0	0	0
mmu-miR-6903-3p	0	0	0	0	0	0	0	0	0	0	0	0	0	0	0	0	0	0	0	0	0	0	0	0	0	0	0	0
mmu-miR-6904-5p	0	0	0	0	0	0	0	0	0	0	1	3	0	0	0	0	0	0	0	0	0	0	0	0	0	0	0	0
mmu-miR-6904-3p	0	0	0	0	0	0	0	0	0	0	0	0	0	0	0	0	0	0	0	0	0	0	0	0	0	0	0	0
mmu-miR-6905-5p	0	0	0	0	0	0	0	0	0	0	0	0	0	0	0	0	0	0	0	0	0	0	0	0	0	0	0	0
mmu-miR-6905-3p	0	0	0	0	0	0	0	0	0	0	0	0	0	0	0	0	0	0	0	0	0	0	0	0	0	0	0	0
mmu-miR-6906-5p	0	0	0	0	0	0	0	0	0	0	0	0	0	0	0	0	0	0	0	0	0	0	0	0	0	0	0	0
mmu-miR-6906-3p	0	0	0	0	0	0	0	0	0	0	0	0	2	0	0	0	0	0	0	0	0	0	0	0	0	0	0	0
mmu-miR-6907-5p	0	0	0	0	0	0	0	0	0	0	0	0	0	0	0	0	0	0	0	0	0	0	0	0	0	0	0	0
mmu-miR-6907-3p	0	0	0	0	0	0	0	0	0	0	0	0	0	1	1	1	0	0	0	0	0	0	0	0	0	0	0	0
mmu-miR-6908-5p	0	0	0	0	0	0	0	0	0	0	2	0	0	0	0	0	0	0	0	0	0	0	0	0	0	0	0	0
mmu-miR-6908-3p	0	0	0	0	0	0	0	0	0	0	0	0	0	0	0	0	0	0	0	0	0	0	0	0	0	0	0	1
mmu-miR-6909-5p	0	0	0	0	0	0	0	0	0	2	0	1	0	0	0	0	0	0	0	0	0	0	0	0	0	0	0	0
mmu-miR-6909-3p	0	0	0	0	0	0	0	0	0	0	0	0	0	0	0	0	0	0	0	0	0	0	0	0	0	0	0	0
mmu-miR-6910-5p	0	0	0	0	0	0	0	0	0	0	0	0	0	0	0	0	0	0	0	0	0	0	0	0	0	0	0	0
mmu-miR-6910-3p	0	0	0	0	0	0	0	0	0	0	0	0	0	0	0	0	1	1	4	0	0	0	0	0	0	0	1	0
mmu-miR-6911-5p	0	0	0	0	0	0	0	0	0	0	0	0	0	1	0	0	0	0	0	0	0	0	0	0	0	0	0	0
mmu-miR-6911-3p	0	7	0	0	0	2	4	2	0	1	0	0	0	0	0	0	3	3	4	3	6	2	5	5	6	1	3	0
mmu-miR-6912-5p	0	0	0	0	0	0	0	0	1	0	1	5	0	2	1	5	0	0	1	0	0	0	0	1	0	0	0	0
mmu-miR-6912-3p	0	0	0	0	0	0	0	0	0	0	0	0	0	0	0	0	0	0	0	0	0	0	0	0	0	0	0	0
mmu-miR-6913-5p	0	0	0	0	0	0	0	0	1	1	0	0	0	0	2	0	0	0	0	0	0	0	0	0	0	0	0	0
mmu-miR-6913-3p	0	0	0	0	0	0	0	0	0	0	0	0	0	0	0	0	0	0	1	0	0	0	1	0	0	0	0	0
mmu-miR-6914-5p	0	0	0	0	0	0	0	0	0	0	0	0	0	0	0	0	0	0	0	0	0	0	0	0	0	0	0	0
mmu-miR-6914-3p	0	0	0	0	0	0	0	0	0	0	0	0	0	0	0	0	0	0	0	0	0	0	0	0	0	0	0	0
mmu-miR-6915-5p	0	0	0	0	0	0	0	0	0	0	1	1	0	0	1	2	0	0	0	0	0	0	0	0	0	0	0	0
mmu-miR-6915-3p	0	0	0	0	0	4	0	0	0	0	0	1	0	0	0	1	0	0	1	0	0	0	2	1	0	0	0	0
mmu-miR-6916-5p	0	0	0	0	0	0	0	0	0	1	0	0	3	0	0	0	0	0	0	0	0	0	0	0	0	0	1	0
mmu-miR-6916-3p	0	0	0	0	0	0	0	0	0	0	0	0	0	0	0	0	0	0	0	0	0	0	1	0	0	1	0	0
mmu-miR-6917-5p	0	0	0	0	0	0	0	0	0	0	1	0	0	0	0	1	0	0	0	0	0	0	0	0	0	0	0	0
mmu-miR-6917-3p	0	0	0	0	0	0	0	0	0	0	0	0	0	0	0	0	0	0	0	0	0	0	0	0	0	0	0	0
mmu-miR-6918-5p	0	0	0	0	0	0	0	0	1	0	0	0	0	0	0	0	0	0	0	0	0	0	0	0	2	0	0	0
mmu-miR-6918-3p	0	0	0	0	0	0	0	0	0	0	0	0	0	0	0	0	0	0	0	0	0	0	0	0	0	0	0	0
mmu-miR-6919-5p	0	0	0	0	0	0	0	0	0	0	0	0	0	0	0	0	0	0	0	0	0	0	0	0	0	0	0	0
mmu-miR-6919-3p	0	0	0	0	0	0	0	0	0	0	0	0	0	0	0	0	0	0	0	0	0	0	0	0	0	0	0	0
mmu-miR-6920-5p	0	0	0	0	0	0	0	0	0	0	0	0	0	0	1	0	0	0	0	0	0	1	0	0	1	0	0	0
mmu-miR-6920-3p	0	0	0	0	0	0	0	0	0	0	0	0	0	0	0	0	0	0	0	0	0	0	0	0	0	0	0	0
mmu-miR-6921-5p	0	0	0	0	0	0	0	0	0	0	0	0	0	0	0	0	0	0	0	0	0	0	0	0	0	0	0	0
mmu-miR-6921-3p	0	0	0	0	0	0	0	0	0	0	0	0	0	0	0	0	0	2	0	0	0	1	0	0	1	0	0	0
mmu-miR-6922-5p	0	0	0	0	0	0	0	0	0	0	0	0	3	0	0	0	0	0	0	0	0	0	0	0	0	0	0	0
mmu-miR-6922-3p	0	0	0	0	0	0	0	0	0	0	0	0	0	0	0	0	0	0	0	0	0	0	0	0	0	0	0	0
mmu-miR-6923-5p	0	0	0	0	0	0	0	0	0	0	0	0	0	0	0	0	0	0	0	0	0	0	0	0	0	0	0	0
mmu-miR-6923-3p	0	0	0	0	0	0	0	0	0	0	0	0	0	0	0	0	0	0	0	0	0	0	0	0	0	0	0	0
mmu-miR-6924-5p	0	0	0	0	0	0	0	0	3	0	0	0	0	0	0	0	0	0	0	0	0	0	0	0	0	0	0	0
mmu-miR-6924-3p	0	0	0	0	0	0	0	0	0	0	0	0	0	0	0	0	0	0	0	0	0	0	0	0	0	0	0	0
mmu-miR-6925-5p	0	0	0	0	0	0	0	0	0	0	0	0	0	0	0	0	0	0	0	0	0	0	0	0	0	0	0	0
mmu-miR-6925-3p	0	0	0	0	0	0	0	0	0	0	0	0	0	0	0	0	0	0	0	0	0	0	0	0	0	0	0	0
mmu-miR-6926-5p	0	0	0	0	0	0	0	0	0	0	0	0	0	0	0	0	0	0	0	0	0	0	0	0	0	0	0	0
mmu-miR-6926-3p	0	0	3	0	0	0	0	0	0	0	0	0	0	0	0	0	0	0	0	0	0	0	0	0	0	0	0	0
mmu-miR-6927-5p	0	0	0	0	0	0	0	0	0	0	0	0	0	0	0	0	0	0	0	0	0	0	0	0	0	0	0	0
mmu-miR-6927-3p	0	0	0	0	0	0	0	0	0	0	0	1	0	0	0	0	0	0	0	0	0	0	0	0	0	0	0	0
mmu-miR-6928-5p	0	0	0	0	0	0	0	0	0	0	0	0	0	0	0	0	0	0	0	0	0	0	0	0	0	0	0	0
mmu-miR-6928-3p	0	0	0	0	0	0	0	0	0	0	0	0	0	0	0	0	0	0	0	0	0	0	0	0	0	0	0	1
mmu-miR-6929-5p	0	0	0	0	0	0	0	0	0	0	0	1	0	0	0	0	1	0	0	0	0	0	0	0	0	0	0	0
mmu-miR-6929-3p	0	0	0	0	0	0	0	0	0	0	0	0	0	0	0	0	0	0	1	0	0	0	0	0	0	0	0	0
mmu-miR-6930-5p	0	0	0	0	0	0	0	0	0	0	0	0	0	0	0	0	0	0	0	0	0	0	0	0	0	0	0	0
mmu-miR-6930-3p	0	0	0	0	0	0	0	0	0	0	0	0	0	0	0	0	0	0	0	0	0	0	0	0	0	0	0	0
mmu-miR-6931-5p	0	0	0	0	0	0	0	0	0	0	0	0	1	0	0	0	0	0	0	0	0	0	0	0	0	0	0	0
mmu-miR-6931-3p	0	0	0	0	0	0	0	0	0	0	0	0	0	0	0	0	0	0	0	0	0	0	0	0	0	0	0	0
mmu-miR-6932-5p	0	0	0	0	0	0	0	0	0	0	0	0	0	0	0	0	0	0	0	0	0	0	0	0	0	0	0	0
mmu-miR-6932-3p	0	0	0	0	0	0	0	0	0	0	0	0	0	0	0	0	0	0	0	0	0	0	0	0	0	0	0	0
mmu-miR-6933-5p	0	0	0	0	0	0	0	0	0	0	0	0	0	0	0	0	0	0	0	0	0	0	0	0	0	0	0	0
mmu-miR-6933-3p	0	0	0	0	0	0	0	0	0	0	0	0	0	0	0	0	0	0	0	0	0	0	0	0	0	0	0	0
mmu-miR-6934-5p	0	0	0	0	0	0	0	0	1	0	1	2	1	0	2	0	0	0	0	0	0	0	0	0	0	0	0	0
mmu-miR-6934-3p	0	0	0	0	0	0	0	0	0	0	0	0	0	0	0	0	0	0	0	0	0	0	0	0	0	0	0	0
mmu-miR-6935-5p	0	0	0	0	0	0	0	0	0	0	0	0	0	0	0	0	0	0	0	0	0	0	0	0	0	0	0	0
mmu-miR-6935-3p	0	0	0	0	0	0	0	0	0	0	0	0	0	0	0	0	0	0	0	0	0	0	0	0	0	0	0	0
mmu-miR-6936-5p	0	0	0	0	0	0	0	0	0	0	0	1	0	0	0	0	0	0	1	0	0	0	0	0	0	0	0	0
mmu-miR-6936-3p	0	0	0	0	0	0	0	0	0	0	0	0	0	0	0	0	0	0	0	0	0	0	0	0	0	0	0	0
mmu-miR-6937-5p	0	0	0	0	0	0	0	0	0	0	0	0	0	0	0	0	0	0	0	1	0	0	0	0	0	0	0	0
mmu-miR-6937-3p	0	0	0	0	0	0	0	0	0	0	0	0	1	0	0	0	0	0	0	0	0	0	0	0	0	0	0	0
mmu-miR-6938-5p	0	0	0	0	0	0	0	0	0	0	0	0	0	0	0	0	0	0	1	0	0	0	0	0	0	0	0	0
mmu-miR-6938-3p	0	0	0	0	0	0	0	0	0	0	0	0	0	0	0	0	0	0	0	0	0	0	0	0	0	0	0	1
mmu-miR-6939-5p	0	0	0	0	0	0	0	0	0	0	0	0	0	0	0	0	0	0	0	0	0	0	0	0	0	0	0	0
mmu-miR-6939-3p	0	0	0	2	0	0	0	2	0	0	0	0	0	0	0	0	0	0	0	1	0	0	0	0	0	0	0	0
mmu-miR-6940-5p	0	0	0	0	0	0	0	0	0	0	0	0	0	0	0	0	0	0	0	0	0	0	0	0	0	0	0	0
mmu-miR-6940-3p	0	0	0	0	0	4	0	0	0	0	0	0	0	0	0	0	0	0	1	0	0	0	0	0	0	0	0	0
mmu-miR-6941-5p	0	0	0	0	0	0	0	0	0	0	0	0	0	0	0	0	0	0	0	0	0	0	0	0	0	0	0	0
mmu-miR-6941-3p	0	0	0	0	0	0	0	0	0	0	0	0	0	0	0	0	0	0	0	0	0	0	0	0	0	0	0	0
mmu-miR-6942-5p	3	0	0	0	0	0	0	0	0	0	0	0	0	0	0	0	0	0	0	0	0	0	1	0	0	1	0	0
mmu-miR-6942-3p	0	0	0	0	0	0	0	0	0	0	0	0	0	0	0	0	0	0	0	0	0	0	0	0	0	0	0	0
mmu-miR-6943-5p	0	0	0	0	0	0	0	0	0	0	0	0	0	0	0	0	0	0	0	0	0	0	0	0	0	0	0	0
mmu-miR-6943-3p	0	0	0	0	0	0	0	0	1	0	0	0	0	0	1	0	0	0	0	2	1	0	0	0	0	0	0	0
mmu-miR-6944-5p	0	0	0	0	0	0	0	0	0	0	0	0	0	0	0	0	0	0	0	0	0	1	0	0	1	0	0	0
mmu-miR-6944-3p	0	0	0	0	0	0	0	0	0	0	0	0	0	0	0	0	0	0	0	0	1	0	0	0	0	0	0	0
mmu-miR-6945-5p	0	0	0	0	0	0	0	0	0	0	0	0	0	0	0	0	0	0	0	0	0	0	0	0	0	0	0	0
mmu-miR-6945-3p	0	0	0	0	0	0	0	0	0	0	0	0	0	0	0	0	0	0	0	0	0	0	0	0	0	0	0	0
mmu-miR-6946-5p	0	0	0	0	0	0	5	0	6	1	1	5	2	3	1	0	1	0	2	1	1	0	2	2	0	0	3	0
mmu-miR-6946-3p	0	0	0	0	0	0	0	0	0	0	0	0	0	0	0	0	0	0	5	5	0	0	1	1	0	0	1	0
mmu-miR-6947-5p	0	0	0	0	0	0	0	0	0	0	0	0	0	0	0	0	0	0	0	1	0	0	0	0	0	0	1	0
mmu-miR-6947-3p	0	0	0	0	0	0	0	0	0	0	0	0	0	0	0	0	0	0	0	0	0	0	0	0	0	0	0	0
mmu-miR-6948-5p	2	0	0	0	0	0	0	0	0	0	0	0	0	0	0	0	1	0	0	0	0	1	0	0	0	0	1	0
mmu-miR-6948-3p	0	0	0	0	4	0	0	1	0	0	0	0	0	0	0	0	0	0	1	2	0	2	0	0	2	0	1	1
mmu-miR-6949-5p	0	0	0	0	0	0	0	0	0	0	0	0	0	0	0	0	0	0	0	0	0	0	0	0	0	0	0	0
mmu-miR-6949-3p	0	0	0	0	0	0	0	0	0	0	0	0	0	0	0	0	0	0	0	0	0	0	0	0	0	0	0	0
mmu-miR-6950-5p	1	0	0	0	0	0	0	0	0	0	0	0	0	0	0	0	0	0	0	0	0	0	0	0	0	0	0	0
mmu-miR-6950-3p	0	0	0	0	0	0	0	0	0	0	0	0	0	0	0	0	0	0	0	0	0	0	0	0	0	0	0	0
mmu-miR-6951-5p	0	0	0	0	0	0	0	0	0	0	1	2	0	0	0	0	0	2	0	0	1	2	1	0	2	0	1	0
mmu-miR-6951-3p	0	0	0	0	0	0	0	0	0	0	0	0	0	0	0	0	1	0	0	0	0	0	0	0	0	0	0	0
mmu-miR-6952-5p	0	0	0	0	0	0	0	0	0	0	0	0	0	0	0	0	0	0	0	0	0	0	0	0	0	0	0	0
mmu-miR-6952-3p	0	0	0	0	0	0	0	0	0	0	0	0	0	0	0	0	0	1	2	2	1	0	0	1	0	0	0	0
mmu-miR-6953-5p	0	0	0	0	0	0	0	0	0	0	0	0	0	0	0	0	0	0	0	0	0	0	0	0	0	1	0	0
mmu-miR-6953-3p	0	0	0	0	0	0	0	0	0	0	0	0	0	0	0	0	0	0	0	0	0	0	0	0	0	0	0	0
mmu-miR-6954-5p	0	0	0	0	0	0	0	0	0	0	0	0	0	0	0	0	0	0	0	0	0	0	0	0	0	0	0	0
mmu-miR-6954-3p	0	0	0	0	0	0	0	0	0	0	0	0	0	0	0	0	0	0	0	0	0	0	0	0	0	0	0	0
mmu-miR-6955-5p	0	0	0	0	0	0	0	0	0	0	0	0	0	0	0	0	0	0	0	0	0	0	0	0	0	0	0	0
mmu-miR-6955-3p	0	0	0	0	0	0	0	0	0	0	0	0	1	0	0	0	0	0	0	0	0	0	0	0	0	0	1	0
mmu-miR-6956-5p	0	0	0	0	0	0	0	0	0	0	0	0	0	0	0	0	0	0	0	0	0	0	0	0	0	0	0	0
mmu-miR-6956-3p	0	0	0	0	0	0	0	0	0	0	0	0	0	0	0	0	0	0	0	0	0	0	0	0	0	0	0	0
mmu-miR-6957-5p	0	0	0	0	0	0	0	0	0	0	0	0	0	0	0	0	0	0	0	0	0	0	0	0	0	0	0	0
mmu-miR-6957-3p	0	0	0	0	0	0	0	0	0	0	0	0	0	0	0	0	0	0	0	0	0	0	0	0	0	0	0	0
mmu-miR-6958-5p	0	0	0	0	0	0	0	0	0	0	0	0	0	0	0	0	0	0	0	0	0	0	0	0	0	0	0	0
mmu-miR-6958-3p	0	0	0	0	0	0	0	0	0	0	0	2	1	0	0	0	1	0	0	2	0	0	5	2	0	0	1	0
mmu-miR-6959-5p	0	0	0	0	0	0	0	0	0	0	1	0	0	0	0	0	0	0	0	0	0	0	0	0	0	0	0	0
mmu-miR-6959-3p	0	0	0	0	0	0	0	0	0	0	0	0	0	0	0	0	0	0	0	0	0	0	0	0	0	0	0	0
mmu-miR-6960-5p	1	0	0	0	0	0	1	0	0	2	0	0	0	0	0	0	0	0	0	0	0	0	0	0	0	0	0	0
mmu-miR-6960-3p	0	0	0	0	0	0	0	0	0	0	0	0	0	0	0	0	0	0	0	0	0	0	0	0	0	0	0	0
mmu-miR-6961-5p	0	0	0	0	0	0	0	0	0	0	0	0	0	0	0	0	0	0	0	0	0	0	0	0	0	0	0	0
mmu-miR-6961-3p	0	0	0	0	0	0	0	0	0	0	0	0	0	0	0	0	0	0	0	0	0	0	0	0	0	0	0	0
mmu-miR-6962-5p	0	0	0	0	0	0	0	0	0	0	0	0	0	0	0	0	0	0	0	0	0	0	0	0	0	0	0	0
mmu-miR-6962-3p	1	3	0	0	0	0	0	0	0	0	0	0	0	0	0	0	0	0	0	0	0	0	2	0	0	0	0	0
mmu-miR-6963-5p	0	0	0	0	0	0	0	0	0	0	0	0	0	0	0	0	0	0	0	0	0	0	0	0	0	0	0	0
mmu-miR-6963-3p	0	0	0	0	0	0	0	0	0	0	0	0	0	0	0	0	0	0	0	0	0	0	0	0	0	0	0	0
mmu-miR-6964-5p	0	0	3	0	0	0	0	0	0	0	0	0	0	0	0	0	0	0	0	0	0	0	0	1	0	0	2	0
mmu-miR-6964-3p	0	0	0	0	0	0	0	0	0	0	0	0	0	0	0	0	0	0	0	0	0	0	0	0	0	0	0	0
mmu-miR-6965-5p	0	0	0	0	0	0	0	0	0	0	0	0	0	0	0	0	0	0	0	0	0	0	0	0	0	0	0	0
mmu-miR-6965-3p	0	0	0	0	0	0	0	0	0	0	0	0	0	0	0	0	0	0	0	0	0	0	0	0	0	0	0	0
mmu-miR-3547-5p	0	0	0	0	0	0	0	0	0	0	0	0	0	0	0	0	0	0	0	0	0	0	0	0	0	0	2	0
mmu-miR-3547-3p	0	0	0	0	0	0	0	0	1	0	0	1	2	2	2	0	2	0	0	1	2	0	1	1	2	0	1	1
mmu-miR-6966-5p	0	0	0	0	0	0	0	0	0	0	0	0	0	0	0	0	0	0	0	0	0	0	0	0	0	0	0	0
mmu-miR-6966-3p	0	0	0	0	0	0	0	0	0	0	0	0	2	0	0	0	0	0	0	0	0	0	0	1	0	0	0	0
mmu-miR-6967-5p	0	0	0	0	0	0	0	0	0	1	0	0	2	1	0	1	0	1	0	0	0	0	1	0	0	0	0	0
mmu-miR-6967-3p	0	0	0	0	0	0	1	0	0	0	0	0	0	0	0	0	0	0	0	0	0	0	0	1	0	0	0	0
mmu-miR-6968-5p	0	0	0	0	0	0	0	0	0	0	0	0	0	0	1	0	0	0	0	0	0	0	0	0	0	0	0	0
mmu-miR-6968-3p	0	0	0	0	0	0	0	0	0	0	0	0	0	0	0	1	0	0	0	0	0	0	0	1	0	0	0	0
mmu-miR-6969-5p	0	0	0	0	0	0	0	0	0	0	0	0	0	0	0	0	0	0	0	0	0	0	0	0	0	0	0	0
mmu-miR-6969-3p	0	0	0	0	0	0	0	0	0	0	0	0	0	0	0	0	0	0	0	0	0	0	0	0	0	0	0	0
mmu-miR-6970-5p	0	0	0	0	0	0	0	0	0	1	0	0	2	0	0	0	0	0	0	0	0	0	0	0	0	0	0	0
mmu-miR-6970-3p	0	0	0	0	0	0	0	0	0	0	0	0	0	0	0	0	0	0	0	0	0	0	0	1	0	0	0	2
mmu-miR-6971-5p	0	0	0	0	0	0	0	0	0	0	0	0	0	0	0	0	0	0	0	1	0	0	0	0	0	0	0	0
mmu-miR-6971-3p	0	1	0	0	0	0	0	0	0	0	0	0	0	0	0	0	0	0	1	0	0	0	0	0	0	0	0	0
mmu-miR-6972-5p	0	0	0	0	0	0	0	0	0	0	0	0	0	0	0	0	0	0	0	0	0	0	0	0	0	0	0	0
mmu-miR-6972-3p	0	0	0	0	0	0	0	0	0	0	0	0	0	0	0	0	0	0	0	0	0	0	0	0	2	0	0	0
mmu-miR-6973a-5p	0	0	0	0	0	0	0	0	0	0	0	0	0	0	0	0	0	0	0	0	0	0	0	0	0	0	0	0
mmu-miR-6973a-3p	0	0	0	0	0	0	0	0	0	0	0	0	0	0	0	0	0	0	0	0	1	0	0	0	0	0	0	0
mmu-miR-6974-5p	0	0	0	0	0	0	0	0	0	0	0	0	0	0	0	0	0	0	0	0	0	0	0	0	0	0	0	0
mmu-miR-6974-3p	0	0	0	0	0	0	0	0	0	0	0	0	0	0	0	0	0	0	0	0	0	0	0	0	0	0	0	0
mmu-miR-6975-5p	0	0	0	0	0	0	0	0	0	0	0	0	0	0	0	0	0	0	0	0	0	0	0	0	0	0	0	0
mmu-miR-6975-3p	0	0	6	0	0	0	0	0	0	0	0	0	0	0	0	0	0	0	0	1	4	0	1	2	1	0	1	1
mmu-miR-6976-5p	3	1	0	0	2	0	0	1	0	1	0	1	0	0	0	0	0	0	0	0	0	0	1	1	1	0	0	0
mmu-miR-6976-3p	0	0	0	0	0	0	0	0	0	0	0	0	0	0	0	0	0	0	0	0	0	0	0	0	0	0	0	0
mmu-miR-6977-5p	0	0	0	0	0	0	0	0	0	0	0	0	0	0	0	0	0	0	0	0	0	0	0	0	0	0	0	0
mmu-miR-6977-3p	0	0	0	0	0	0	0	0	0	0	0	0	0	0	0	0	0	0	0	0	0	0	0	0	0	0	0	0
mmu-miR-6978-5p	0	0	0	0	0	0	0	0	0	0	0	0	0	0	0	0	0	0	0	0	0	0	0	0	0	0	0	0
mmu-miR-6978-3p	0	0	0	0	0	0	0	0	0	0	0	0	0	0	0	0	0	0	0	0	0	0	0	0	0	0	0	0
mmu-miR-6979-5p	0	0	0	0	0	0	0	0	0	0	0	0	0	0	0	0	0	0	0	0	0	0	0	0	0	0	0	0
mmu-miR-6979-3p	0	0	0	0	0	0	0	0	0	0	0	0	0	0	0	0	0	0	0	0	0	0	0	0	0	0	0	0
mmu-miR-6980-5p	0	0	0	0	0	0	0	0	0	0	0	0	0	0	0	0	0	0	0	0	0	0	0	0	0	0	0	0
mmu-miR-6980-3p	0	0	0	0	0	0	0	0	0	0	0	0	0	0	1	0	0	0	0	0	0	0	0	0	0	0	0	0
mmu-miR-6981-5p	0	0	0	0	0	0	0	0	0	0	0	0	0	0	0	0	0	0	0	0	0	0	0	0	0	0	0	0
mmu-miR-6981-3p	0	0	0	0	0	0	0	0	0	0	0	0	0	0	0	0	0	0	0	0	0	0	0	0	0	0	0	0
mmu-miR-6982-5p	0	0	0	0	0	0	0	0	0	0	0	0	0	0	0	0	0	0	0	0	0	0	0	0	0	0	0	0
mmu-miR-6982-3p	0	0	0	0	0	0	0	0	0	0	0	0	0	0	0	0	0	0	0	0	0	0	0	0	0	0	0	0
mmu-miR-6983-5p	0	0	0	0	0	3	0	0	0	0	2	0	0	0	0	0	0	0	0	0	0	0	0	0	0	0	0	0
mmu-miR-6983-3p	0	0	0	0	0	0	1	0	1	0	0	0	0	1	0	0	0	0	0	0	0	0	0	0	0	0	0	0
mmu-miR-6984-5p	0	0	0	0	0	0	0	0	0	0	0	0	0	0	0	0	0	0	0	0	0	0	0	0	0	0	0	0
mmu-miR-6984-3p	0	0	0	0	0	0	0	0	0	0	0	0	0	0	0	0	0	0	2	1	0	0	1	0	0	0	1	1
mmu-miR-6985-5p	0	0	0	0	0	0	0	0	0	0	1	0	0	0	0	0	0	0	0	0	0	0	0	0	0	0	0	0
mmu-miR-6985-3p	0	0	0	0	0	0	0	0	0	0	0	0	0	0	0	0	0	0	0	0	0	0	0	0	0	0	0	0
mmu-miR-6986-5p	2	0	0	0	0	0	1	2	0	1	0	0	1	0	2	1	0	0	0	1	0	3	0	0	0	0	0	0
mmu-miR-6986-3p	0	0	0	0	0	0	0	0	0	0	0	0	0	0	0	0	0	0	0	0	0	0	0	0	0	0	0	0
mmu-miR-6987-5p	0	0	0	0	0	0	0	0	0	0	0	0	0	0	0	0	0	0	0	0	0	0	0	0	0	0	0	0
mmu-miR-6987-3p	0	0	0	0	0	0	0	0	0	0	0	0	0	0	0	0	0	0	0	0	0	0	0	0	0	0	0	0
mmu-miR-6988-5p	0	0	0	0	0	0	0	0	0	0	0	0	0	0	0	0	0	0	0	0	0	0	0	0	0	0	0	0
mmu-miR-6988-3p	0	0	0	0	0	0	0	0	0	0	0	0	0	0	1	0	0	0	1	0	1	2	0	2	0	0	0	0
mmu-miR-6989-5p	0	0	0	0	0	0	0	0	0	0	0	0	0	0	0	0	0	0	0	0	0	0	0	0	0	0	0	0
mmu-miR-6989-3p	0	0	0	0	0	0	0	0	0	0	1	0	0	0	0	0	0	0	0	0	0	0	0	0	0	0	0	0
mmu-miR-6990-5p	0	0	0	0	0	0	0	0	0	0	0	0	0	0	0	0	0	0	0	0	0	1	0	0	0	0	0	0
mmu-miR-6990-3p	0	0	0	0	0	0	0	0	0	0	0	0	0	0	0	0	0	0	0	0	0	0	0	0	0	0	0	0
mmu-miR-6991-5p	0	0	0	0	0	0	0	0	0	0	0	0	0	0	0	0	0	0	0	0	0	0	0	0	0	0	0	0
mmu-miR-6991-3p	0	0	0	0	0	0	0	0	0	0	0	0	0	0	0	0	0	0	0	0	0	0	0	0	0	0	0	0
mmu-miR-6992-5p	0	0	0	0	0	0	0	0	0	0	0	0	0	0	0	0	0	0	0	0	0	0	0	0	0	0	0	0
mmu-miR-6992-3p	0	0	0	0	0	0	0	0	0	0	0	0	0	0	0	0	0	0	2	0	0	0	0	0	0	0	1	0
mmu-miR-6993-5p	0	0	0	0	0	0	0	0	2	0	0	1	0	0	4	0	0	0	0	0	0	0	0	0	0	0	0	0
mmu-miR-6993-3p	0	0	0	0	0	0	0	0	0	0	2	0	0	0	0	0	0	0	0	0	0	0	0	0	0	0	0	0
mmu-miR-6994-5p	0	0	0	0	0	0	0	0	0	0	0	0	0	0	0	0	0	0	0	0	0	0	0	0	0	0	0	0
mmu-miR-6994-3p	1	0	0	0	0	0	0	0	0	0	0	0	0	0	0	0	0	0	0	0	0	0	0	0	0	0	2	0
mmu-miR-6995-5p	0	0	0	0	0	0	0	0	0	0	0	0	0	0	0	0	0	0	0	0	0	0	0	0	0	0	0	0
mmu-miR-6995-3p	0	0	0	0	0	0	0	0	0	0	0	0	0	0	0	0	0	0	0	0	0	0	0	0	0	0	0	0
mmu-miR-6996-5p	0	0	0	0	0	0	0	0	0	0	1	0	0	0	1	0	0	0	0	0	0	0	0	0	0	0	0	0
mmu-miR-6996-3p	0	0	0	0	0	0	0	0	0	0	0	0	0	0	0	0	0	0	0	0	0	0	0	0	0	0	0	0
mmu-miR-6997-5p	0	0	0	0	0	0	0	0	0	0	0	0	0	0	0	0	0	0	0	0	0	0	0	0	0	0	0	0
mmu-miR-6997-3p	0	0	0	0	0	0	0	0	1	0	0	0	0	0	0	0	2	1	5	3	0	0	1	2	3	0	2	0
mmu-miR-6998-5p	0	0	0	0	0	0	0	0	0	0	0	0	0	0	0	0	0	0	0	0	0	0	0	0	0	0	0	0
mmu-miR-6998-3p	0	0	0	0	0	0	0	0	0	0	0	0	0	0	0	0	0	0	0	0	0	0	0	0	0	0	0	0
mmu-miR-6999-5p	0	0	0	0	0	0	0	0	0	0	0	0	0	0	0	0	0	0	0	0	0	0	0	0	0	0	0	0
mmu-miR-6999-3p	0	0	0	0	0	0	0	0	0	0	0	0	0	0	0	0	0	0	0	0	0	0	0	0	0	0	0	0
mmu-miR-7000-5p	0	0	0	0	0	0	0	0	0	0	0	0	0	0	0	0	0	0	0	0	0	0	0	0	0	0	0	0
mmu-miR-7000-3p	0	0	0	0	0	0	0	0	0	0	0	0	0	0	0	0	0	0	0	0	0	0	0	0	0	0	0	0
mmu-miR-7001-5p	0	0	0	0	0	0	0	0	0	0	0	0	0	0	0	1	0	0	0	0	0	0	0	0	0	0	0	0
mmu-miR-7001-3p	0	0	0	0	0	0	0	0	0	0	0	0	0	0	0	0	0	0	0	0	0	0	0	0	0	0	0	0
mmu-miR-7002-5p	0	0	0	0	0	0	0	0	0	0	0	0	0	0	0	0	0	0	1	0	0	0	0	0	0	0	0	0
mmu-miR-7002-3p	0	0	0	0	0	0	0	0	0	0	0	0	0	0	0	0	0	0	0	0	0	0	0	0	0	0	0	0
mmu-miR-6973b-5p	0	0	0	0	0	0	0	0	0	0	0	0	0	0	0	0	0	0	0	0	0	0	0	0	0	0	0	0
mmu-miR-6973b-3p	0	0	0	0	0	0	0	0	0	0	0	0	0	0	0	0	0	0	0	0	0	0	0	0	0	0	0	0
mmu-miR-7003-5p	0	0	0	0	0	0	0	0	0	0	0	0	0	0	0	0	0	0	0	0	0	0	1	0	0	0	0	0
mmu-miR-7003-3p	0	0	0	0	0	0	0	0	0	0	0	0	0	0	0	0	0	0	0	0	0	0	0	0	0	0	0	0
mmu-miR-7004-5p	0	0	0	0	0	0	0	0	0	0	0	0	0	0	0	0	0	0	0	0	0	0	0	0	0	0	0	0
mmu-miR-7004-3p	0	0	0	0	0	0	0	0	0	0	0	0	0	0	3	0	0	0	0	1	0	0	0	0	1	0	0	0
mmu-miR-7005-5p	0	0	0	0	0	0	0	0	0	0	0	0	0	0	0	0	0	0	0	0	0	0	0	0	0	0	0	0
mmu-miR-7005-3p	0	0	0	0	0	0	0	0	0	0	0	0	0	0	0	0	0	0	0	0	0	0	0	0	0	0	0	0
mmu-miR-7006-5p	0	0	0	0	0	0	0	0	0	0	0	0	0	0	0	0	0	0	0	0	0	0	0	0	0	0	0	0
mmu-miR-7006-3p	0	0	0	0	0	0	0	0	0	0	0	0	0	0	0	0	0	0	0	0	0	0	0	0	0	0	0	0
mmu-miR-7007-5p	1	0	0	0	0	0	0	0	0	0	0	0	0	0	1	0	0	0	0	0	1	0	0	0	0	0	0	0
mmu-miR-7007-3p	0	0	0	0	0	0	0	0	0	0	0	0	0	0	0	0	0	0	0	0	0	0	0	0	0	0	0	0
mmu-miR-7008-5p	0	0	0	0	0	0	0	0	1	0	0	0	0	0	0	0	0	0	0	0	0	0	0	0	0	0	0	0
mmu-miR-7008-3p	0	0	0	0	0	0	1	0	0	0	0	0	0	0	0	0	1	0	0	1	2	0	0	0	0	0	0	0
mmu-miR-7009-5p	0	0	0	0	0	0	0	0	0	0	0	0	0	0	0	0	0	0	0	0	0	0	0	0	0	0	0	0
mmu-miR-7009-3p	0	0	0	0	0	0	0	0	0	0	0	0	0	0	0	0	0	0	0	0	0	0	0	0	0	0	0	0
mmu-miR-7010-5p	0	0	0	0	0	4	0	0	0	0	0	0	0	0	0	0	0	0	0	0	0	0	0	0	0	0	0	0
mmu-miR-7010-3p	0	0	0	0	0	0	0	0	0	0	0	0	0	0	0	0	0	0	0	0	0	0	0	0	0	0	0	0
mmu-miR-7011-5p	0	0	0	0	0	0	0	0	0	0	0	0	0	0	0	0	0	0	0	0	0	0	0	0	0	0	0	0
mmu-miR-7011-3p	0	0	0	0	0	0	0	0	0	0	0	0	0	0	0	0	0	0	0	0	0	0	0	0	0	0	0	0
mmu-miR-7012-5p	0	0	0	0	0	0	0	0	0	0	0	0	0	0	0	0	0	0	0	0	0	0	0	0	0	0	0	0
mmu-miR-7012-3p	0	0	0	0	0	0	0	0	0	0	0	0	0	0	0	0	0	0	0	0	0	0	0	0	0	0	0	0
mmu-miR-7013-5p	0	9	0	2	0	0	0	0	0	1	2	1	0	1	0	0	1	1	0	0	0	0	1	1	0	0	0	0
mmu-miR-7013-3p	0	0	0	0	0	0	0	0	0	0	0	0	0	0	0	0	0	0	0	0	0	0	0	0	0	0	0	0
mmu-miR-7014-5p	0	0	0	0	0	0	0	0	0	0	0	0	0	0	0	0	0	0	0	0	0	0	0	0	0	0	0	0
mmu-miR-7014-3p	0	0	0	0	0	0	0	0	0	0	0	0	0	0	0	0	0	0	0	0	0	0	0	0	0	0	0	0
mmu-miR-7015-5p	0	0	0	0	0	0	0	0	0	0	0	0	0	0	0	0	0	0	0	0	0	0	0	0	0	0	0	0
mmu-miR-7015-3p	3	2	0	0	0	0	0	0	1	0	0	0	0	0	0	0	0	1	1	0	0	0	3	3	1	0	0	0
mmu-miR-7016-5p	0	0	0	0	0	0	0	0	0	0	0	0	0	0	0	0	0	0	0	0	0	0	0	0	0	0	0	0
mmu-miR-7016-3p	0	0	0	0	0	0	0	0	0	0	0	0	0	0	0	0	0	0	0	0	0	0	0	0	0	0	0	0
mmu-miR-7017-5p	0	0	0	0	0	0	0	0	0	0	0	0	0	0	0	0	0	0	0	0	0	0	0	0	0	0	0	0
mmu-miR-7017-3p	0	0	0	0	0	0	0	0	0	0	0	0	0	0	0	0	0	0	0	0	0	0	0	0	0	0	0	0
mmu-miR-7018-5p	0	0	0	0	0	0	0	0	0	0	0	0	0	0	0	0	0	0	0	0	0	0	0	0	0	0	0	0
mmu-miR-7018-3p	0	0	0	0	0	0	0	0	0	0	0	0	0	0	0	0	0	0	0	0	0	0	0	0	0	0	0	0
mmu-miR-7019-5p	0	0	0	0	0	0	0	0	0	0	0	0	0	0	0	0	0	0	0	0	0	0	0	0	0	0	0	0
mmu-miR-7019-3p	0	0	0	0	0	0	0	0	0	0	0	0	0	1	2	0	0	0	0	0	0	0	1	0	0	0	0	0
mmu-miR-7020-5p	0	0	0	0	0	0	0	0	0	0	0	0	0	0	0	0	0	0	0	0	0	0	0	0	0	0	0	0
mmu-miR-7020-3p	0	0	0	0	0	0	0	0	0	0	0	0	0	0	0	0	0	0	0	0	0	0	0	0	0	0	0	0
mmu-miR-7021-5p	0	0	0	0	0	0	0	0	0	1	1	3	0	0	3	2	0	0	0	0	0	0	0	0	0	0	2	0
mmu-miR-7021-3p	0	0	0	0	0	0	0	0	0	0	0	0	0	0	0	0	0	0	0	0	0	0	0	0	0	0	0	0
mmu-miR-7022-5p	0	0	0	0	0	0	0	0	0	0	0	0	0	0	0	0	0	0	0	0	0	0	0	0	0	0	2	0
mmu-miR-7022-3p	0	0	0	0	0	0	0	0	0	0	0	0	0	0	0	0	0	0	0	0	0	0	0	0	0	0	0	0
mmu-miR-7023-5p	0	0	0	0	0	0	0	0	0	0	0	0	0	0	0	0	0	0	0	0	0	0	0	0	0	0	0	0
mmu-miR-7023-3p	0	0	0	0	0	0	0	0	0	0	0	1	0	0	0	0	0	0	0	0	0	0	0	1	0	0	0	0
mmu-miR-7024-5p	0	0	0	0	0	0	0	0	0	0	0	2	0	0	0	0	0	0	0	0	0	0	0	0	0	0	0	1
mmu-miR-7024-3p	0	0	0	0	0	0	0	0	0	0	0	0	0	0	0	0	0	0	0	0	0	0	0	0	0	0	0	0
mmu-miR-7025-5p	0	0	0	0	0	0	0	0	0	0	0	0	0	0	1	0	0	0	0	0	0	0	0	0	0	0	0	0
mmu-miR-7025-3p	0	0	0	0	0	0	0	0	0	0	0	0	0	0	0	0	0	0	0	0	0	1	0	0	0	0	0	0
mmu-miR-7026-5p	0	0	0	0	0	0	0	0	0	0	0	0	0	0	0	0	0	0	0	0	0	1	0	0	0	0	0	0
mmu-miR-7026-3p	0	0	0	0	0	0	0	0	0	0	0	0	0	0	0	0	0	0	0	0	0	0	0	0	0	0	0	0
mmu-miR-7027-5p	0	0	0	0	0	0	0	0	0	0	0	0	0	0	0	0	0	0	0	0	0	0	0	0	0	0	0	0
mmu-miR-7027-3p	0	0	0	0	0	0	0	0	0	0	0	0	0	0	0	0	0	0	0	0	0	0	0	0	0	0	0	0
mmu-miR-7028-5p	0	0	0	0	0	0	0	0	0	0	0	0	0	0	0	0	0	0	0	0	0	0	0	0	0	0	0	0
mmu-miR-7028-3p	0	0	0	0	0	0	0	0	0	0	0	0	0	0	0	0	0	0	0	0	0	0	0	0	0	0	0	0
mmu-miR-7029-5p	0	0	0	0	0	0	0	0	0	0	0	0	0	0	0	0	0	0	0	0	0	0	0	0	0	0	0	0
mmu-miR-7029-3p	0	0	0	0	0	0	0	0	0	0	2	0	0	0	0	0	0	0	0	0	0	0	0	0	0	0	0	0
mmu-miR-7030-5p	0	0	0	0	0	0	0	0	0	0	0	0	0	0	0	0	0	0	0	0	0	0	0	0	0	0	0	0
mmu-miR-7030-3p	0	4	0	0	0	0	0	0	0	0	0	0	0	0	0	0	0	0	0	0	0	0	0	0	0	0	0	0
mmu-miR-7031-5p	0	0	0	0	0	0	0	0	0	0	0	0	0	0	0	0	0	0	0	0	0	0	0	0	0	0	0	1
mmu-miR-7031-3p	0	0	0	0	0	0	0	0	0	0	0	0	0	0	0	0	0	0	0	0	0	0	0	0	0	0	0	0
mmu-miR-7032-5p	0	0	0	0	0	0	0	0	0	0	0	0	0	0	1	1	0	0	0	0	0	0	0	0	0	0	0	0
mmu-miR-7032-3p	0	0	0	0	0	0	0	0	0	0	0	0	0	0	0	0	0	0	0	0	1	0	0	0	0	0	0	0
mmu-miR-7033-5p	0	0	0	0	0	0	0	0	2	0	1	1	0	1	0	1	0	0	0	0	0	0	0	0	0	0	0	0
mmu-miR-7033-3p	0	0	0	0	0	0	0	0	0	0	0	0	0	0	0	0	0	0	0	0	0	0	0	0	0	0	0	0
mmu-miR-7034-5p	0	0	0	0	0	0	0	0	0	0	0	0	0	0	0	0	0	0	0	0	0	0	0	0	0	0	0	0
mmu-miR-7034-3p	0	0	0	0	0	0	0	0	0	0	0	0	0	0	0	0	0	0	0	0	0	0	0	0	0	0	0	0
mmu-miR-7035-5p	0	0	0	0	0	0	0	0	0	0	0	0	0	0	0	0	0	0	0	0	0	0	0	0	0	0	0	0
mmu-miR-7035-3p	0	0	0	0	0	0	0	0	0	0	0	0	0	0	0	0	0	0	0	0	0	0	0	0	0	0	0	0
mmu-miR-7036a-5p	0	0	0	0	0	0	0	0	0	0	0	0	0	0	0	0	0	0	0	0	0	0	0	0	0	0	0	0
mmu-miR-7036a-3p	0	0	0	0	0	0	0	0	0	0	0	0	0	0	0	0	0	0	0	0	0	0	0	0	0	0	0	0
mmu-miR-7037-5p	0	0	0	0	0	0	0	0	0	0	0	0	0	0	0	0	0	0	0	0	0	0	0	0	0	0	0	0
mmu-miR-7037-3p	0	0	0	0	0	0	0	0	0	0	0	0	0	0	0	0	0	0	0	0	0	0	0	0	0	0	0	0
mmu-miR-7038-5p	0	0	0	0	0	0	0	0	0	0	0	0	0	0	0	1	0	0	0	0	0	0	0	0	0	0	0	0
mmu-miR-7038-3p	0	0	0	0	0	0	0	0	0	0	0	0	0	0	0	0	0	0	0	0	0	0	0	0	0	0	0	0
mmu-miR-7039-5p	0	0	0	0	0	2	0	0	0	0	0	0	0	0	0	0	0	0	0	0	0	0	2	0	0	0	0	0
mmu-miR-7039-3p	0	0	0	0	0	0	0	0	0	0	0	0	0	0	0	0	0	0	0	0	0	0	0	0	0	0	0	0
mmu-miR-7040-5p	1	0	0	0	0	0	0	0	0	0	0	0	0	0	0	0	0	0	0	0	0	0	0	0	0	0	0	0
mmu-miR-7040-3p	1	0	0	0	0	0	0	0	0	0	0	0	0	0	0	0	0	0	0	0	0	0	0	0	0	0	0	0
mmu-miR-7041-5p	0	0	0	0	0	0	0	0	0	0	0	0	0	0	0	1	0	0	0	0	0	0	0	0	0	0	0	0
mmu-miR-7041-3p	0	0	0	0	0	0	0	0	0	0	0	0	0	0	0	0	0	0	0	1	0	0	0	0	0	0	0	0
mmu-miR-7042-5p	0	0	0	0	0	0	0	0	0	1	0	1	0	0	0	1	0	0	0	0	0	0	0	0	0	0	0	0
mmu-miR-7042-3p	0	0	0	0	0	0	0	0	0	0	0	0	0	0	0	0	0	3	2	0	0	0	0	1	0	0	0	0
mmu-miR-7043-5p	0	0	0	0	0	0	0	0	0	6	0	4	1	0	0	1	0	0	0	0	0	0	0	0	0	0	0	0
mmu-miR-7043-3p	0	0	0	0	0	0	0	0	0	0	0	0	0	0	0	0	0	0	0	0	0	0	0	0	0	0	0	0
mmu-miR-7044-5p	0	0	0	0	0	0	0	0	0	0	0	0	0	0	0	0	0	0	0	0	0	0	0	0	0	0	0	0
mmu-miR-7044-3p	0	0	0	0	0	0	0	0	0	0	0	0	0	0	0	0	0	0	0	0	0	0	0	0	0	0	0	0
mmu-miR-7045-5p	0	0	0	0	0	0	0	0	0	0	0	0	0	0	0	0	0	0	0	0	0	0	0	0	0	0	0	1
mmu-miR-7045-3p	0	0	0	0	0	0	0	0	0	0	0	0	0	0	0	0	0	0	0	0	0	0	0	0	0	1	0	0
mmu-miR-7046-5p	0	0	9	0	0	0	0	0	0	0	0	0	0	0	0	0	0	0	0	0	0	0	0	0	0	0	0	0
mmu-miR-7046-3p	0	0	0	0	0	0	0	0	0	0	0	1	0	0	0	0	0	0	0	0	0	0	0	0	0	0	0	0
mmu-miR-7047-5p	0	0	0	0	0	0	0	0	0	0	0	2	2	0	0	1	0	0	0	0	0	0	0	0	0	0	0	0
mmu-miR-7047-3p	0	0	0	0	0	0	0	0	0	0	0	0	0	0	0	0	0	0	0	0	0	0	0	0	0	0	0	0
mmu-miR-7048-5p	0	0	0	0	0	0	0	0	0	0	0	0	0	0	0	0	0	0	0	0	0	0	0	0	0	0	0	0
mmu-miR-7048-3p	0	0	0	0	0	0	0	0	0	0	0	0	0	0	0	0	0	0	0	0	1	1	0	1	0	0	0	0
mmu-miR-7049-5p	0	0	0	0	0	0	0	0	0	0	0	0	0	0	0	0	0	0	0	0	0	0	0	0	0	0	0	0
mmu-miR-7049-3p	0	0	0	0	0	0	0	0	0	0	0	0	0	0	0	0	0	0	0	0	0	0	0	0	0	0	0	0
mmu-miR-7050-5p	0	0	0	0	0	0	0	0	0	0	0	0	0	0	0	0	0	0	0	0	0	0	0	0	0	0	0	0
mmu-miR-7050-3p	0	0	0	0	0	0	0	0	0	0	0	0	0	0	0	0	0	0	0	0	0	0	0	0	0	0	0	0
mmu-miR-7051-5p	0	0	0	0	0	0	0	0	0	0	0	0	0	1	1	1	0	0	0	0	0	0	0	0	0	0	0	0
mmu-miR-7051-3p	0	0	0	0	0	0	0	0	0	0	0	0	0	0	0	0	0	0	0	0	0	0	0	0	0	0	0	0
mmu-miR-7052-5p	0	0	0	0	0	0	0	0	0	0	0	0	0	0	2	0	0	0	0	0	0	0	0	0	0	0	0	0
mmu-miR-7052-3p	0	0	0	0	0	0	0	0	0	0	0	1	0	0	0	2	0	0	0	0	0	0	0	0	0	0	0	0
mmu-miR-7053-5p	0	0	0	0	0	0	0	0	0	0	0	0	0	0	0	0	0	0	0	0	0	0	0	0	0	0	0	0
mmu-miR-7053-3p	0	0	0	0	0	0	0	0	0	0	0	0	0	0	0	0	0	0	0	0	0	0	0	0	0	0	0	0
mmu-miR-7054-5p	2	0	0	0	0	0	0	4	0	0	2	0	1	0	0	0	0	0	0	0	0	0	0	0	0	0	0	0
mmu-miR-7054-3p	0	0	0	0	0	0	0	0	0	0	0	0	0	0	0	0	0	0	0	0	0	0	0	0	0	0	0	0
mmu-miR-7055-5p	0	0	0	0	0	0	0	0	0	0	0	0	0	0	0	0	0	0	0	0	0	0	0	0	0	0	0	0
mmu-miR-7055-3p	0	0	0	0	0	0	0	0	0	0	0	0	0	0	0	0	0	0	0	0	0	0	0	0	0	0	0	0
mmu-miR-7056-5p	0	0	0	0	0	0	0	0	0	0	0	0	0	0	0	0	0	0	0	0	0	0	0	0	0	0	0	0
mmu-miR-7056-3p	0	0	0	0	0	0	0	0	0	0	0	0	0	0	0	0	0	0	0	0	0	0	0	0	0	0	0	0
mmu-miR-7057-5p	0	0	0	0	0	0	0	0	0	0	0	0	0	0	0	0	0	0	0	0	0	0	0	0	0	0	0	0
mmu-miR-7057-3p	0	0	0	0	0	0	0	0	0	0	0	0	0	0	0	0	0	0	0	0	0	0	0	0	0	0	0	0
mmu-miR-7058-5p	0	0	7	0	0	0	0	0	1	0	0	0	0	0	0	0	0	1	0	0	0	0	0	0	0	0	0	1
mmu-miR-7058-3p	0	0	0	0	0	0	0	0	0	0	0	0	0	0	0	0	0	0	0	0	0	0	0	0	0	0	0	0
mmu-miR-7059-5p	0	0	0	0	0	0	0	0	0	0	0	0	0	0	0	0	0	0	0	0	0	0	0	0	0	0	0	0
mmu-miR-7059-3p	0	0	0	0	0	0	0	0	0	0	0	0	0	0	0	0	0	0	0	0	0	0	0	0	0	0	0	0
mmu-miR-7060-5p	0	0	0	0	0	0	0	0	0	0	0	0	0	0	0	0	0	0	0	0	1	0	0	0	0	0	0	0
mmu-miR-7060-3p	0	0	0	0	0	0	0	0	0	0	0	0	0	0	0	0	0	0	0	0	0	1	0	0	0	0	0	0
mmu-miR-7061-5p	0	0	0	0	0	0	0	0	0	1	1	1	1	0	0	0	0	0	0	1	0	0	1	0	0	0	0	0
mmu-miR-7061-3p	0	0	0	0	0	0	0	0	0	0	0	0	0	0	0	0	0	0	1	0	0	0	0	0	0	0	1	0
mmu-miR-7062-5p	0	0	0	0	0	0	0	0	2	0	0	0	0	0	0	0	0	0	0	0	0	0	0	0	0	0	0	0
mmu-miR-7062-3p	0	0	0	0	0	0	0	0	0	0	0	0	0	0	0	0	0	0	0	0	0	0	0	0	0	0	0	0
mmu-miR-7063-5p	0	0	0	1	0	0	0	0	1	1	1	0	0	0	0	0	0	0	0	0	0	0	0	0	1	0	0	0
mmu-miR-7063-3p	0	0	0	0	0	0	0	0	0	0	0	0	0	0	0	0	0	0	0	0	0	0	2	0	0	0	0	0
mmu-miR-7064-5p	0	0	0	0	0	0	0	0	0	0	0	0	0	0	0	0	0	0	0	0	0	0	0	0	0	0	1	0
mmu-miR-7064-3p	0	0	0	0	0	0	0	0	0	0	0	0	0	0	0	0	0	0	0	0	0	0	0	0	0	0	0	0
mmu-miR-7065-5p	0	0	0	0	0	0	0	0	0	0	1	0	0	0	0	0	0	0	0	0	0	0	0	0	0	0	0	0
mmu-miR-7065-3p	0	0	0	0	0	0	0	0	0	0	0	0	0	0	0	0	1	0	0	0	0	0	2	0	2	0	4	0
mmu-miR-7066-5p	0	0	0	0	0	0	0	0	0	0	0	0	0	0	0	0	0	0	0	0	0	0	0	0	0	0	0	0
mmu-miR-7066-3p	0	0	0	0	0	0	0	0	0	0	0	0	0	0	0	0	0	0	0	0	0	0	0	0	0	0	0	0
mmu-miR-7067-5p	0	0	0	0	0	0	0	0	0	0	0	0	0	0	1	0	0	0	0	0	0	0	0	0	0	0	0	0
mmu-miR-7067-3p	0	0	0	0	0	0	0	0	0	0	0	0	0	0	0	0	0	0	0	0	0	0	0	1	0	0	0	0
mmu-miR-6769b-5p	0	0	0	0	0	0	0	0	0	0	0	0	0	0	0	0	0	0	0	0	0	0	0	0	0	0	0	0
mmu-miR-6769b-3p	0	0	0	0	0	0	0	0	0	0	0	0	0	0	0	0	0	0	0	0	0	0	0	0	0	0	0	0
mmu-miR-7068-5p	0	0	0	3	0	0	0	0	0	0	1	0	0	0	0	1	0	0	0	0	0	0	0	0	0	0	0	0
mmu-miR-7068-3p	3	0	0	0	6	1	0	0	0	0	0	0	0	0	0	0	0	0	1	0	1	0	0	2	5	0	3	0
mmu-miR-7069-5p	0	0	0	0	0	0	0	0	0	0	0	0	0	0	0	0	0	0	0	0	0	0	0	0	0	0	0	0
mmu-miR-7069-3p	0	0	0	0	0	0	0	3	0	1	0	0	0	0	1	0	0	0	0	0	0	1	0	0	0	0	0	0
mmu-miR-7070-5p	0	0	0	0	0	0	0	0	0	0	0	0	0	0	0	0	0	0	0	0	0	0	0	0	0	0	0	0
mmu-miR-7070-3p	0	0	0	0	0	0	0	0	0	0	0	0	0	1	0	0	0	0	0	0	0	0	0	0	0	0	0	0
mmu-miR-7071-5p	0	0	0	0	0	0	0	0	0	0	0	0	0	0	0	0	0	0	0	0	0	0	0	0	0	0	0	0
mmu-miR-7071-3p	0	0	0	0	0	0	0	0	0	0	0	0	0	0	0	0	0	0	0	0	0	0	0	0	0	0	0	0
mmu-miR-7072-5p	0	0	0	0	0	0	0	0	0	1	0	0	0	0	0	0	0	0	1	0	0	0	0	0	0	0	0	0
mmu-miR-7072-3p	0	0	0	0	0	0	0	0	0	0	0	0	0	0	0	0	0	0	0	0	0	0	0	0	0	0	0	0
mmu-miR-7073-5p	0	5	0	4	0	2	4	4	1	3	0	4	2	0	1	2	1	2	2	2	0	3	0	5	0	0	4	2
mmu-miR-7073-3p	0	0	0	0	0	0	0	0	0	0	0	0	0	0	0	0	0	0	0	0	0	0	0	0	1	0	0	0
mmu-miR-7074-5p	0	0	0	0	0	0	0	0	0	0	0	0	0	0	0	0	0	0	0	0	0	0	0	0	0	0	0	0
mmu-miR-7074-3p	0	0	0	0	0	0	0	0	0	0	0	0	0	0	0	0	0	0	0	0	0	0	0	0	0	0	0	0
mmu-miR-7075-5p	0	0	0	0	0	0	0	0	0	0	0	0	0	0	0	0	0	0	0	0	0	0	0	0	0	0	0	0
mmu-miR-7075-3p	0	0	0	6	0	0	3	0	0	0	0	1	4	0	0	0	3	0	3	0	0	3	0	1	2	1	1	0
mmu-miR-7076-5p	0	0	0	0	0	0	0	0	0	0	0	0	0	0	0	0	0	0	0	0	0	0	0	0	0	0	0	0
mmu-miR-7076-3p	0	0	0	0	0	0	0	0	0	0	0	0	0	0	0	0	0	0	0	0	0	0	0	0	0	0	0	0
mmu-miR-7077-5p	0	0	0	0	0	0	0	0	0	0	0	0	0	0	0	0	0	0	0	0	0	0	0	0	0	0	0	0
mmu-miR-7077-3p	0	0	0	0	0	0	0	0	0	0	0	0	0	0	0	0	0	0	0	0	0	0	0	0	0	0	0	0
mmu-miR-7078-5p	0	0	0	0	0	0	0	0	0	0	0	0	0	0	0	0	0	0	0	0	0	0	0	0	0	0	0	0
mmu-miR-7078-3p	0	0	0	0	0	0	0	0	0	0	0	0	0	0	0	0	0	0	0	0	0	0	0	0	0	0	0	0
mmu-miR-7079-5p	0	0	0	0	0	0	0	0	0	0	0	0	0	0	0	0	0	0	0	0	0	0	0	0	0	0	0	0
mmu-miR-7079-3p	0	0	0	0	0	0	0	0	0	0	0	0	0	0	0	0	0	0	0	0	0	0	1	3	1	0	0	0
mmu-miR-7080-5p	0	0	0	0	0	0	0	0	0	0	0	1	0	0	0	0	0	0	0	0	0	0	0	0	0	0	0	0
mmu-miR-7080-3p	0	0	0	0	0	0	0	0	0	0	0	0	0	0	0	0	0	0	0	0	0	0	0	0	0	0	0	0
mmu-miR-7081-5p	0	0	0	0	0	0	0	0	0	0	0	0	0	0	0	0	0	0	0	0	0	0	0	0	0	0	0	0
mmu-miR-7081-3p	0	0	0	0	0	0	0	0	0	0	0	0	0	0	0	0	0	0	0	0	1	0	0	0	0	0	0	0
mmu-miR-7082-5p	0	0	0	0	0	0	0	0	0	0	0	0	0	0	0	0	0	0	0	0	0	0	0	0	0	0	0	0
mmu-miR-7082-3p	0	0	0	0	0	5	0	0	0	0	0	0	0	0	0	0	0	0	0	0	0	0	0	0	0	0	0	0
mmu-miR-7083-5p	0	0	0	1	0	0	0	0	2	1	0	0	0	0	0	0	0	0	0	0	0	0	0	0	0	0	0	0
mmu-miR-7083-3p	0	0	0	0	0	0	0	0	0	0	0	0	0	0	0	0	0	0	0	0	0	0	0	0	0	0	0	0
mmu-miR-7084-5p	0	0	0	0	0	0	0	0	0	0	1	1	0	0	0	0	0	0	0	0	0	0	1	0	0	0	1	0
mmu-miR-7084-3p	0	0	0	0	0	0	0	0	0	0	0	0	0	0	0	0	0	0	0	0	0	0	0	0	0	0	0	0
mmu-miR-7085-5p	0	0	0	0	0	0	0	0	0	0	0	1	0	0	1	0	0	0	0	0	0	0	0	0	0	0	0	0
mmu-miR-7085-3p	0	0	0	0	0	0	0	0	0	0	0	0	0	0	0	0	0	0	0	0	0	0	0	0	0	0	0	0
mmu-miR-7086-5p	0	0	0	0	0	0	0	0	0	0	0	0	0	0	0	0	0	0	0	0	0	0	0	0	0	0	0	0
mmu-miR-7086-3p	0	0	0	0	0	0	0	0	0	0	0	0	0	0	0	0	0	0	0	0	0	0	0	0	0	0	0	0
mmu-miR-7087-5p	4	0	0	0	0	0	0	0	1	0	0	0	0	0	0	1	0	0	0	0	0	0	0	0	0	0	0	0
mmu-miR-7087-3p	0	0	0	0	0	0	0	0	0	0	0	0	0	0	0	0	0	0	0	0	0	0	0	0	0	0	0	0
mmu-miR-7088-5p	0	0	0	0	0	0	0	0	0	0	0	0	0	0	0	0	0	0	0	0	0	0	0	0	0	0	0	0
mmu-miR-7088-3p	0	0	0	0	0	0	0	0	0	0	0	0	0	0	0	0	0	0	0	0	0	0	0	0	0	0	0	0
mmu-miR-7089-5p	0	0	0	0	0	0	0	0	0	0	0	0	0	0	0	0	0	0	0	0	0	0	0	0	0	0	0	0
mmu-miR-7089-3p	0	0	0	0	0	0	0	0	0	0	0	0	0	0	0	0	0	0	0	0	0	0	0	0	0	0	0	0
mmu-miR-7090-5p	0	0	0	0	0	0	0	0	0	0	0	0	0	0	0	0	0	0	0	0	0	0	0	1	0	0	0	0
mmu-miR-7090-3p	0	0	0	0	0	0	0	0	0	0	0	0	0	0	0	0	0	0	0	0	0	0	0	0	0	0	0	0
mmu-miR-7091-5p	0	0	0	3	6	2	0	0	1	0	0	0	0	0	1	0	0	0	0	0	0	0	0	1	0	0	0	0
mmu-miR-7091-3p	0	0	0	0	0	0	0	0	0	0	1	0	0	0	0	1	0	0	0	0	0	0	0	0	0	0	0	0
mmu-miR-7092-5p	0	0	0	0	0	0	0	0	0	0	0	0	0	0	0	0	0	0	0	0	0	0	0	0	0	0	0	0
mmu-miR-7092-3p	0	0	0	0	0	0	0	0	0	0	0	0	0	0	0	0	0	0	0	0	0	0	0	0	0	0	0	0
mmu-miR-7093-5p	0	0	0	0	0	0	0	0	0	0	0	0	0	0	0	0	0	0	0	0	0	0	0	0	0	0	0	0
mmu-miR-7093-3p	0	0	0	0	0	0	0	0	0	0	0	0	0	0	0	0	0	0	0	0	0	0	0	0	0	0	0	0
mmu-miR-7094-1-5p	0	0	0	0	0	0	0	0	0	0	0	0	0	0	0	0	0	0	0	0	0	0	0	0	0	0	0	0
mmu-miR-7094-3p	0	0	0	0	0	0	0	0	0	0	0	0	0	0	0	0	0	0	0	0	0	0	0	0	0	0	0	0
mmu-miR-7094b-2-5p	0	0	0	0	0	0	0	0	0	0	0	0	0	0	0	0	0	0	0	0	0	0	0	0	0	0	0	0
mmu-miR-7115-5p	0	0	0	0	0	0	0	0	0	2	2	1	1	0	1	2	0	0	0	1	0	0	0	0	0	0	0	0
mmu-miR-7115-3p	0	0	0	0	0	0	0	0	0	0	0	0	0	0	0	0	0	0	0	0	0	0	0	0	0	0	0	0
mmu-miR-7116-5p	0	0	0	0	0	0	0	0	0	0	0	0	0	0	0	0	0	0	0	0	0	0	0	0	0	0	0	0
mmu-miR-7116-3p	0	0	0	0	0	0	0	0	0	0	0	0	0	0	0	0	0	0	0	0	0	0	0	0	0	0	0	0
mmu-miR-7117-5p	0	0	0	0	0	0	0	0	0	0	0	0	0	0	0	0	0	0	0	0	0	3	0	0	0	0	0	0
mmu-miR-7117-3p	0	0	0	0	0	0	0	0	0	0	0	0	0	0	0	0	0	0	0	0	0	0	0	0	0	0	0	0
mmu-miR-7118-5p	0	0	0	0	0	0	0	0	0	0	0	0	0	0	0	0	0	0	0	0	0	0	0	2	0	0	0	0
mmu-miR-7118-3p	0	0	0	0	0	0	0	0	0	0	0	0	0	0	0	0	0	0	0	0	0	0	0	0	0	0	0	0
mmu-miR-7119-5p	0	0	0	0	0	0	0	0	0	0	0	0	0	0	0	0	0	0	0	0	0	0	0	0	0	0	0	0
mmu-miR-7119-3p	0	0	0	0	0	0	0	0	0	0	0	0	0	0	0	0	0	0	0	0	0	0	0	0	0	0	0	0
mmu-miR-7210-5p	22	14	7	4	23	14	24	14	7	10	16	7	18	7	12	15	25	24	34	26	20	48	60	53	58	10	54	14
mmu-miR-7210-3p	1	0	0	0	0	2	1	0	0	0	0	0	1	1	0	0	11	13	13	15	4	12	10	11	12	1	9	4
mmu-miR-7211-5p	0	0	0	0	0	0	0	0	0	0	0	0	0	0	0	0	0	0	0	0	0	0	0	0	0	0	0	0
mmu-miR-7211-3p	0	0	0	0	0	0	0	0	0	0	0	0	0	0	0	0	0	0	0	0	0	0	0	0	0	0	0	0
mmu-miR-7212-5p	0	0	0	0	0	0	0	0	0	0	0	0	0	0	2	0	0	0	0	0	0	0	0	0	0	0	0	0
mmu-miR-7212-3p	0	0	0	0	0	0	0	0	0	0	0	0	0	0	0	0	0	0	0	0	0	0	0	0	0	0	0	0
mmu-miR-7213-5p	0	0	0	2	4	0	0	0	1	0	0	0	0	0	0	0	0	0	0	0	0	0	0	0	0	0	0	0
mmu-miR-7213-3p	0	0	0	0	0	0	0	0	0	0	0	0	0	0	0	0	0	0	0	0	0	0	0	0	0	0	0	0
mmu-miR-7214-5p	65	70	20	26	52	55	45	29	38	72	14	32	44	30	29	28	30	34	29	23	30	37	53	48	56	12	45	47
mmu-miR-7214-3p	6	11	6	1	7	6	11	2	6	7	5	5	8	5	3	6	8	13	10	11	19	12	25	24	11	3	22	8
mmu-miR-7215-5p	0	0	0	0	0	0	0	0	0	0	0	1	1	0	0	0	0	0	1	0	0	3	0	0	1	0	0	0
mmu-miR-7215-3p	0	0	0	0	0	0	0	0	0	0	0	0	0	0	0	0	0	0	1	0	0	0	0	0	0	0	0	1
mmu-miR-7216-5p	0	0	0	0	0	0	0	0	0	0	0	0	0	0	0	0	0	0	0	0	0	0	0	0	0	0	1	1
mmu-miR-7216-3p	0	0	0	0	0	0	0	0	0	0	0	0	0	0	0	0	0	1	0	0	0	0	0	1	0	0	1	0
mmu-miR-7217-5p	4	0	0	0	0	0	5	1	0	1	0	1	0	0	0	0	0	1	1	0	2	1	3	2	0	0	0	0
mmu-miR-7217-3p	30	10	24	3	12	18	8	11	6	13	7	8	13	9	10	7	18	17	23	19	12	26	33	15	13	4	28	13
mmu-miR-7218-5p	1	2	3	6	2	2	2	1	3	3	0	1	5	2	1	1	1	0	0	1	3	3	1	0	0	0	2	1
mmu-miR-7218-3p	0	0	0	1	0	0	0	1	0	0	0	0	0	0	0	0	3	6	3	1	0	5	3	3	8	1	6	2
mmu-miR-7219-5p	0	0	0	0	0	0	0	0	0	0	0	0	0	0	0	0	0	0	0	0	0	0	0	0	0	0	0	0
mmu-miR-7219-3p	0	1	0	0	0	0	0	0	0	1	0	1	0	0	1	0	1	2	0	0	0	1	0	0	0	0	0	0
mmu-miR-7220-5p	0	0	0	0	0	0	0	0	0	0	0	0	0	0	0	0	0	0	0	0	0	0	0	0	0	0	0	0
mmu-miR-7220-3p	0	0	0	0	0	0	0	0	0	0	0	0	0	0	0	0	0	0	0	0	0	0	0	0	0	0	0	0
mmu-miR-7221-5p	0	0	0	0	0	0	0	0	0	0	0	0	0	0	0	0	0	0	0	0	0	0	0	0	0	0	0	0
mmu-miR-7221-3p	0	0	0	0	0	0	0	1	0	0	0	0	0	0	0	0	0	0	0	0	0	1	3	0	0	0	0	0
mmu-miR-7222-5p	1	0	0	0	0	0	0	0	0	0	0	0	0	0	0	0	0	0	2	0	0	0	0	0	0	0	0	0
mmu-miR-7222-3p	4	0	0	0	0	1	0	0	0	0	1	1	2	1	1	0	2	2	2	2	0	0	1	2	1	1	3	1
mmu-miR-7223-5p	10	0	0	4	0	1	2	1	0	0	3	1	0	1	4	2	2	4	0	2	1	3	5	7	5	0	8	1
mmu-miR-7223-3p	0	0	0	0	0	0	0	0	0	0	0	0	0	0	0	0	0	0	0	0	0	0	0	0	0	0	0	0
mmu-miR-7224-5p	0	0	0	0	0	0	0	0	0	0	0	0	0	0	0	0	0	0	0	0	0	0	0	0	0	0	0	0
mmu-miR-7224-3p	0	0	0	0	0	0	0	0	0	0	0	0	0	0	0	0	0	0	0	0	0	0	0	1	0	0	0	0
mmu-miR-7225-5p	0	0	0	0	0	0	0	0	0	0	0	0	0	0	0	0	0	0	0	0	0	0	0	0	0	0	0	0
mmu-miR-7225-3p	0	0	0	0	0	0	0	0	0	0	0	0	0	0	0	0	0	0	0	0	0	0	0	0	0	0	0	0
mmu-miR-7226-5p	0	0	0	0	0	0	0	0	0	0	0	0	0	0	0	0	0	0	0	0	0	0	0	0	0	0	0	0
mmu-miR-7226-3p	0	0	0	0	0	0	0	0	0	0	0	0	0	0	0	0	0	0	0	0	0	0	0	0	0	0	0	0
mmu-miR-7227-5p	0	0	0	0	0	0	0	0	0	0	0	0	0	0	0	0	0	0	0	0	0	0	0	0	0	0	0	0
mmu-miR-7227-3p	3	1	0	3	0	2	4	1	3	2	0	0	0	0	1	2	0	0	0	2	3	1	0	0	0	0	1	0
mmu-miR-7228-5p	0	0	0	0	0	0	0	0	0	0	0	0	0	0	0	0	0	0	0	0	0	0	0	0	0	0	0	0
mmu-miR-7228-3p	0	0	0	0	0	0	0	0	0	0	0	0	0	0	0	0	0	0	0	0	0	0	0	0	0	0	0	0
mmu-miR-7229-5p	0	0	0	0	3	0	0	0	0	0	0	0	0	0	0	0	0	0	1	0	4	2	2	0	1	0	0	0
mmu-miR-7229-3p	5	0	0	0	0	0	3	0	0	0	0	0	0	0	0	0	0	0	2	0	2	2	2	0	3	1	4	1
mmu-miR-7230-5p	0	0	0	0	0	0	0	0	0	0	0	0	0	0	0	0	0	1	0	0	1	0	4	0	1	0	0	0
mmu-miR-7230-3p	7	0	0	1	7	0	3	4	2	1	1	0	2	1	2	3	2	1	2	8	0	0	5	2	0	0	1	0
mmu-miR-7231-5p	0	0	0	0	0	0	0	0	0	0	0	0	0	0	0	0	0	0	0	1	0	0	0	0	0	0	0	0
mmu-miR-7231-3p	0	0	0	0	0	0	0	0	0	0	0	0	0	0	0	0	0	0	0	0	0	0	0	0	0	0	0	0
mmu-miR-7232-5p	0	0	0	0	0	1	0	0	0	0	0	0	0	0	2	0	0	2	2	1	1	0	0	0	2	1	1	0
mmu-miR-7232-3p	6	0	0	0	2	0	0	0	0	0	0	0	0	0	0	2	1	4	2	0	0	0	5	2	1	1	3	0
mmu-miR-7233-5p	0	0	0	0	0	0	0	0	0	0	0	0	0	0	0	0	0	0	0	0	0	0	0	0	0	0	0	0
mmu-miR-7233-3p	2	0	0	0	0	0	2	0	0	0	0	0	0	0	0	0	0	1	0	0	0	0	1	2	1	0	2	0
mmu-miR-7234-5p	0	0	0	0	0	0	0	0	0	0	0	0	0	0	2	0	0	0	2	1	1	3	1	2	2	0	3	2
mmu-miR-7234-3p	0	0	0	0	0	0	0	0	0	1	0	0	0	0	0	0	0	1	0	0	0	0	0	0	0	0	1	0
mmu-miR-7235-5p	0	0	0	0	0	0	0	0	0	0	0	0	0	0	0	0	0	0	0	0	0	0	0	0	0	0	0	0
mmu-miR-7235-3p	0	0	0	0	0	0	0	0	0	0	0	0	0	0	0	0	0	0	0	1	0	0	0	1	0	0	0	0
mmu-miR-7236-5p	0	0	0	0	0	0	0	0	0	0	0	0	0	0	0	0	0	0	0	0	0	0	0	0	0	0	0	0
mmu-miR-7236-3p	2	0	0	0	0	0	0	0	0	0	0	0	0	0	0	0	0	0	0	0	0	0	0	0	0	0	0	0
mmu-miR-7237-5p	0	0	0	0	0	0	0	1	0	0	0	0	0	0	0	0	0	0	0	0	0	0	0	0	0	0	0	0
mmu-miR-7237-3p	3	0	0	0	0	0	0	0	0	0	0	0	1	0	0	0	0	0	0	0	0	0	0	0	0	0	0	0
mmu-miR-7238-5p	0	0	0	0	0	0	0	0	0	0	0	0	0	0	0	0	0	0	0	0	0	0	0	0	0	0	0	0
mmu-miR-7238-3p	0	0	0	0	0	0	0	0	0	0	0	0	0	0	0	0	0	0	0	0	0	0	0	0	0	0	0	0
mmu-miR-7239-5p	0	0	0	0	0	0	0	0	0	0	0	0	0	0	0	0	0	0	0	0	0	0	0	0	0	0	0	0
mmu-miR-7239-3p	0	0	0	0	0	0	0	0	0	0	0	0	0	0	0	0	0	0	0	0	0	0	0	0	0	0	0	0
mmu-miR-7240-5p	0	0	0	0	0	0	0	0	0	2	0	0	0	0	0	2	0	1	0	0	0	0	0	0	0	0	0	0
mmu-miR-7240-3p	0	0	0	0	0	0	0	0	0	0	0	0	0	0	0	0	0	0	0	0	0	0	0	0	0	0	0	0
mmu-miR-7241-5p	0	0	0	0	0	0	0	0	0	0	0	0	0	0	0	0	0	0	0	0	0	0	0	0	0	0	0	0
mmu-miR-7241-3p	2	0	0	0	0	0	4	0	1	1	0	2	1	1	0	1	0	0	1	0	0	0	0	2	5	1	2	3
mmu-miR-7242-5p	1	0	0	0	0	0	0	0	0	0	0	0	0	1	0	0	0	0	0	0	0	0	0	0	1	0	0	0
mmu-miR-7242-3p	8	0	0	0	4	0	5	0	0	0	0	0	0	0	0	1	0	2	6	1	4	0	3	1	3	1	1	1
mmu-miR-7578	0	0	0	0	0	0	0	0	0	0	0	0	0	0	0	0	0	0	0	0	0	0	0	0	0	0	0	0
mmu-miR-6546-5p	0	0	0	0	0	0	0	0	0	0	0	0	0	0	0	0	0	0	0	0	0	0	0	0	0	0	0	1
mmu-miR-6546-3p	0	0	0	0	0	0	0	0	0	0	0	0	0	0	0	0	0	0	0	0	0	0	0	0	0	0	0	0
mmu-miR-7646-5p	0	0	0	0	0	0	0	0	0	0	0	2	0	0	0	0	0	0	0	0	0	0	0	0	0	0	0	0
mmu-miR-7646-3p	0	0	0	0	0	0	0	0	0	0	0	0	0	0	0	0	0	0	0	0	0	0	0	0	0	0	0	0
mmu-miR-7647-5p	0	0	0	0	0	0	0	0	0	0	0	0	0	0	0	0	0	0	0	0	0	0	0	0	0	0	0	0
mmu-miR-7647-3p	0	0	0	0	0	0	0	0	2	1	0	0	3	1	1	0	2	0	0	0	0	0	0	0	0	0	1	0
mmu-miR-7648-5p	0	0	0	0	0	0	0	0	0	0	0	0	0	0	0	0	0	0	0	0	0	0	0	0	0	0	0	0
mmu-miR-7648-3p	0	0	0	0	0	0	0	0	0	0	0	0	0	0	0	0	0	0	0	0	0	0	0	0	0	0	0	0
mmu-miR-7649-5p	0	0	0	0	0	0	0	0	0	0	0	0	0	0	0	0	0	0	0	0	0	0	0	0	0	0	0	0
mmu-miR-7649-3p	0	0	0	0	0	0	0	0	0	0	0	0	0	0	1	0	0	2	0	0	0	1	2	2	2	0	0	0
mmu-miR-7650-5p	0	0	0	0	0	0	0	0	0	0	0	0	0	0	0	0	0	0	0	0	0	0	0	0	0	0	0	0
mmu-miR-7650-3p	0	0	0	0	0	0	0	0	0	0	0	0	0	0	0	0	0	0	0	0	0	0	0	0	0	0	0	0
mmu-miR-7651-5p	0	0	0	0	0	0	0	0	0	2	0	0	3	0	0	0	0	2	0	0	0	1	0	0	1	0	0	0
mmu-miR-7651-3p	0	0	0	0	1	0	0	0	0	0	0	0	0	0	0	0	0	0	2	0	0	0	0	0	0	0	0	0
mmu-miR-219b-5p	0	0	0	0	0	0	0	0	0	0	0	0	0	0	0	0	1	0	0	0	0	2	0	0	0	0	0	0
mmu-miR-219b-3p	0	0	0	0	0	0	0	0	0	0	0	0	0	0	1	0	0	0	0	0	0	0	1	0	0	0	0	0
mmu-miR-7036b-5p	0	0	0	0	0	0	0	0	0	0	0	0	0	1	1	0	0	0	0	0	0	0	0	0	0	0	0	0
mmu-miR-7036b-3p	0	0	0	0	0	0	0	0	0	0	0	0	0	0	0	0	0	0	0	0	0	0	0	0	0	0	0	0
mmu-miR-7652-5p	0	0	0	0	0	0	0	0	0	0	0	0	0	0	0	0	0	0	0	0	0	0	0	0	0	0	0	0
mmu-miR-7652-3p	0	0	0	0	0	0	0	0	0	0	0	0	0	0	0	0	0	1	0	0	0	0	0	0	0	0	0	2
mmu-miR-7653-5p	0	0	0	0	0	0	0	0	0	0	0	1	0	0	0	0	0	0	0	0	0	0	0	0	0	0	0	0
mmu-miR-7653-3p	0	0	0	0	0	0	0	0	0	0	0	0	0	0	0	0	0	0	0	0	0	0	0	0	0	0	0	0
mmu-miR-7654-5p	0	0	0	0	0	0	0	0	0	0	0	0	0	0	0	1	0	1	0	0	1	1	0	0	0	0	0	0
mmu-miR-7654-3p	0	0	0	0	0	0	0	0	0	0	0	0	0	0	0	0	0	0	0	0	0	0	0	0	0	0	0	0
mmu-miR-7655-5p	0	0	0	0	0	0	0	0	0	0	0	0	0	0	0	0	0	0	0	0	0	0	0	0	0	0	0	0
mmu-miR-7655-3p	0	0	0	0	0	0	0	0	0	0	0	0	0	0	0	0	0	0	0	0	0	0	0	0	0	0	0	0
mmu-miR-7656-5p	0	0	0	0	0	0	0	0	0	0	0	0	0	0	0	0	0	0	0	0	0	0	0	0	0	0	0	0
mmu-miR-7656-3p	0	0	0	0	0	0	0	0	0	0	0	0	0	0	0	0	0	0	0	0	0	0	0	0	0	0	0	0
mmu-miR-7657-5p	0	0	0	0	0	0	0	0	0	0	0	0	0	0	1	0	0	0	0	0	0	0	0	0	0	0	0	0
mmu-miR-7657-3p	0	0	0	0	0	0	0	0	0	0	0	0	0	0	0	0	0	0	0	0	0	0	0	0	0	0	0	0
mmu-miR-7658-5p	0	0	0	0	0	0	0	0	0	0	0	0	0	0	0	0	0	0	0	0	0	0	0	0	0	0	0	0
mmu-miR-7658-3p	0	0	0	0	0	0	0	0	0	0	0	0	0	0	0	0	0	0	0	0	0	0	0	0	0	0	0	0
mmu-miR-7659-5p	3	0	0	0	0	0	2	0	0	0	0	0	0	0	1	0	0	0	0	0	0	0	0	1	0	1	1	0
mmu-miR-7659-3p	0	0	0	0	0	0	0	0	0	0	0	0	0	0	0	0	0	0	0	0	0	0	0	0	0	0	0	0
mmu-miR-7660-5p	0	0	0	0	0	0	0	0	0	0	0	0	0	0	0	0	0	0	0	0	0	0	0	0	0	0	0	0
mmu-miR-7660-3p	0	0	0	0	0	0	0	0	0	0	0	0	0	0	0	0	0	0	0	0	0	0	0	0	0	0	0	0
mmu-miR-7661-5p	0	0	0	0	0	0	0	0	0	0	0	0	0	0	0	0	0	0	0	0	0	0	0	0	0	0	0	0
mmu-miR-7661-3p	0	0	0	0	0	0	0	0	0	0	0	0	0	0	0	0	0	1	1	0	1	0	0	0	0	0	0	0
mmu-miR-7662-5p	0	0	0	0	0	0	0	0	0	0	0	0	0	0	1	0	0	0	0	0	0	0	0	0	0	0	0	0
mmu-miR-7662-3p	0	0	0	0	0	0	0	0	1	2	1	0	0	0	5	1	0	0	0	0	0	0	0	0	0	0	0	0
mmu-miR-7663-5p	0	0	0	0	0	0	0	0	0	0	0	0	0	0	0	0	0	0	0	0	0	0	0	0	0	0	1	0
mmu-miR-7663-3p	0	0	0	0	0	1	0	0	0	0	1	0	0	0	0	0	0	0	0	0	1	0	0	0	0	0	0	0
mmu-miR-7664-5p	0	0	0	0	0	0	0	0	0	0	0	0	0	0	0	0	0	0	0	0	0	0	0	0	0	0	0	0
mmu-miR-7664-3p	0	0	0	0	0	0	0	0	0	0	0	0	0	0	0	0	0	1	1	0	0	0	0	0	0	0	0	0
mmu-miR-7665-5p	0	0	0	0	0	0	0	0	0	0	0	0	0	0	0	0	0	0	0	0	0	0	0	0	0	0	0	0
mmu-miR-7665-3p	0	0	0	0	0	0	0	0	0	0	0	0	0	0	0	0	0	0	0	0	0	0	0	0	0	0	0	0
mmu-miR-7666-5p	0	0	0	0	0	0	0	0	0	0	0	0	0	0	0	0	0	0	0	0	0	0	0	0	0	0	0	0
mmu-miR-7666-3p	0	0	0	0	0	0	0	0	0	0	0	0	0	0	0	0	0	0	0	0	0	0	0	0	0	0	0	0
mmu-miR-7667-5p	0	0	0	0	0	0	0	0	0	0	0	1	0	0	0	0	0	0	0	0	0	0	0	0	0	0	0	0
mmu-miR-7667-3p	0	0	0	0	0	0	0	0	0	0	0	0	0	0	0	0	0	0	0	0	0	1	0	0	0	0	0	0
mmu-miR-7668-5p	0	0	0	0	0	0	0	0	0	0	0	0	0	0	0	0	0	0	0	0	0	0	0	0	0	0	0	0
mmu-miR-7668-3p	0	0	0	0	0	0	0	0	0	1	0	1	0	0	0	0	0	0	0	0	0	1	0	0	0	0	0	3
mmu-miR-7669-5p	0	0	3	0	0	0	1	0	0	1	1	1	0	0	1	1	0	4	7	2	0	7	1	3	4	0	2	0
mmu-miR-7669-3p	0	0	0	0	0	0	0	1	1	2	1	0	0	0	0	0	0	0	0	0	0	0	0	0	0	0	0	0
mmu-miR-7670-5p	0	0	0	0	0	0	0	0	0	0	0	0	0	0	2	0	0	0	0	0	0	0	0	0	0	0	0	0
mmu-miR-7670-3p	2	0	0	0	0	0	0	0	0	0	0	0	0	0	0	0	0	0	0	0	0	0	0	0	0	0	0	0
mmu-miR-7671-5p	0	0	0	0	0	0	0	0	0	0	0	0	0	0	0	0	0	0	0	0	0	0	0	0	0	0	0	0
mmu-miR-7671-3p	0	0	0	0	0	0	0	0	0	0	0	0	0	0	0	0	0	0	0	0	0	0	0	0	0	0	0	0
mmu-miR-7672-5p	0	0	0	0	0	0	0	0	0	0	0	0	0	0	0	0	0	0	0	0	0	0	0	0	0	0	0	0
mmu-miR-7672-3p	0	0	0	0	0	0	0	0	0	0	0	0	0	0	0	0	0	1	0	0	0	1	0	0	0	0	0	0
mmu-miR-7673-5p	0	0	0	0	0	0	0	0	0	0	0	0	0	0	0	0	0	0	0	0	0	0	0	0	0	0	0	0
mmu-miR-7673-3p	0	0	0	0	0	0	0	0	0	0	0	0	0	0	0	0	0	0	0	0	0	0	0	0	0	0	0	0
mmu-miR-3569-5p	0	0	0	0	0	0	0	0	0	0	0	0	0	0	0	0	0	0	0	0	0	0	0	0	0	0	0	0
mmu-miR-3569-3p	0	0	0	0	0	0	0	0	0	0	0	0	0	0	0	0	0	0	0	0	0	0	0	0	0	0	0	0
mmu-miR-7674-5p	0	0	0	0	0	0	0	0	0	0	0	0	0	0	0	0	0	0	0	0	0	0	0	0	0	0	0	0
mmu-miR-7674-3p	0	0	0	0	0	0	0	0	0	0	0	0	0	0	0	0	0	1	0	0	0	0	0	0	0	0	0	0
mmu-miR-7675-5p	1	0	0	0	0	0	0	0	0	0	0	1	0	0	0	0	0	0	1	0	0	0	0	0	0	0	0	0
mmu-miR-7675-3p	0	0	0	0	0	0	0	0	0	0	0	0	0	0	0	0	0	0	0	0	0	0	0	0	0	0	0	0
mmu-miR-7676-5p	0	0	0	0	0	0	0	0	0	0	0	0	0	0	0	0	0	0	0	0	0	0	0	0	0	0	0	0
mmu-miR-7676-3p	0	0	0	0	0	0	0	0	0	0	0	0	0	0	0	0	0	0	0	0	0	0	0	0	0	0	0	0
mmu-miR-129b-5p	0	0	0	0	0	0	0	0	0	0	0	0	0	0	0	0	0	0	0	0	0	0	0	0	0	0	0	0
mmu-miR-129b-3p	0	0	0	0	0	0	0	0	0	0	0	0	0	0	0	0	0	0	0	0	0	0	0	0	0	0	0	0
mmu-miR-292b-5p	0	0	0	0	0	0	0	0	0	0	0	0	0	0	0	0	0	0	0	0	0	0	0	0	0	0	0	0
mmu-miR-292b-3p	0	0	0	0	0	0	0	0	0	0	0	0	0	0	0	0	0	0	0	0	0	0	0	0	0	0	0	0
mmu-miR-1191b-5p	0	0	0	0	0	0	0	0	0	1	1	1	1	0	2	0	0	0	0	0	0	0	0	0	0	0	0	0
mmu-miR-1191b-3p	0	0	0	0	0	0	0	0	0	0	0	0	0	0	0	0	0	0	0	0	0	0	0	0	0	0	0	0
mmu-miR-7677-5p	0	0	0	0	0	0	0	0	0	0	0	0	0	0	0	0	0	0	0	0	0	0	0	0	0	0	0	0
mmu-miR-7677-3p	0	0	0	0	0	0	0	0	0	0	0	0	0	0	0	0	0	0	0	0	0	0	1	0	0	0	0	0
mmu-miR-7678-5p	0	0	0	0	0	0	0	0	0	0	0	0	0	0	0	0	0	0	0	0	0	0	0	0	0	0	0	0
mmu-miR-7678-3p	0	0	0	0	0	0	0	0	0	0	0	0	0	0	0	0	0	0	0	0	0	0	0	0	0	0	0	0
mmu-miR-7679-5p	0	0	0	0	0	0	0	0	0	0	0	0	0	0	0	0	0	0	0	0	0	0	0	0	0	0	0	0
mmu-miR-7679-3p	0	0	0	0	0	0	0	0	0	0	0	0	0	0	0	0	0	0	0	0	0	0	0	0	0	0	0	0
mmu-miR-7680-5p	0	0	0	0	0	0	0	0	0	0	0	0	0	0	0	0	0	0	0	0	0	0	0	0	0	0	0	0
mmu-miR-7680-3p	0	0	0	0	0	0	0	0	0	0	0	0	0	0	0	0	0	0	0	0	0	0	0	0	0	0	0	0
mmu-miR-6715-5p	0	0	0	0	0	0	0	0	0	0	0	0	0	0	0	0	0	0	0	0	0	0	0	0	0	0	0	0
mmu-miR-6715-3p	0	0	0	0	0	0	0	0	0	0	0	0	0	0	0	0	0	0	0	0	0	0	0	0	0	0	0	0
mmu-miR-3620-5p	0	0	0	0	0	0	0	0	0	0	0	0	0	0	0	0	0	0	0	0	0	0	0	0	0	0	0	0
mmu-miR-3620-3p	0	0	0	0	0	0	0	0	0	0	0	0	0	0	0	0	0	0	0	0	0	0	0	0	0	0	0	0
mmu-miR-465d-5p	0	0	0	0	0	0	0	0	0	4	1	4	0	0	1	1	4	7	1	1	0	3	6	3	4	2	5	1
mmu-miR-465d-3p	18	21	24	14	22	13	27	16	3	16	4	15	11	5	13	5	13	24	16	13	17	22	37	38	35	2	26	5
mmu-miR-7681-5p	0	0	0	0	0	0	0	0	0	0	0	0	0	0	0	0	0	0	0	0	0	0	0	0	0	0	0	0
mmu-miR-7681-3p	0	0	0	0	0	0	0	0	0	0	0	0	0	0	0	0	0	0	0	0	0	0	0	0	0	0	0	0
mmu-miR-7682-5p	0	0	0	0	0	0	0	0	0	0	0	0	0	0	0	0	0	0	0	1	0	0	0	1	0	0	0	2
mmu-miR-7682-3p	0	1	0	0	0	0	0	0	1	0	0	0	0	0	0	0	0	0	0	0	0	0	0	0	0	0	0	0
mmu-miR-7683-5p	0	0	0	0	0	0	0	0	0	0	0	0	0	0	0	0	0	0	0	0	0	0	0	0	0	0	0	0
mmu-miR-7683-3p	0	0	0	0	0	0	0	0	0	0	0	0	0	0	0	0	0	0	0	0	0	0	0	0	0	0	0	0
mmu-miR-216c-5p	0	0	0	0	0	0	0	0	0	0	0	0	0	0	0	0	0	0	0	0	0	0	0	0	0	0	0	0
mmu-miR-216c-3p	0	0	0	0	0	0	0	0	0	0	0	0	0	0	0	0	0	0	0	0	0	0	0	0	0	0	0	0
mmu-miR-7684-5p	0	0	0	0	0	0	0	0	0	0	0	0	0	0	0	0	0	0	0	0	0	0	0	0	0	0	0	0
mmu-miR-7684-3p	0	0	0	0	0	0	0	0	0	0	0	0	0	0	0	0	0	0	0	0	0	0	0	0	0	0	0	0
mmu-miR-219c-5p	2	0	0	0	1	0	4	0	0	1	0	0	0	0	0	0	1	0	0	2	0	0	0	0	1	0	0	3
mmu-miR-219c-3p	0	0	0	0	0	0	0	0	0	0	0	0	0	2	0	0	0	0	0	0	0	0	0	0	0	0	0	0
mmu-miR-126b-5p	0	0	0	0	0	0	0	0	0	0	0	0	0	0	0	0	0	0	0	0	0	0	0	0	0	0	0	0
mmu-miR-126b-3p	0	0	0	0	0	0	0	0	0	1	1	0	0	0	1	0	0	0	0	0	0	0	0	0	0	0	0	0
mmu-miR-7685-5p	0	0	0	0	0	0	0	0	0	0	1	0	0	0	0	0	1	1	2	2	0	1	1	2	3	0	2	0
mmu-miR-7685-3p	0	0	0	0	0	0	0	0	0	0	0	0	0	0	0	0	0	0	0	0	0	0	0	0	0	0	0	0
mmu-miR-7686-5p	0	0	0	0	0	0	0	0	0	0	0	0	0	0	0	0	0	0	0	0	0	0	0	0	0	0	0	0
mmu-miR-7686-3p	0	0	0	0	0	0	0	0	0	0	0	0	0	0	0	0	0	0	0	0	0	0	0	0	0	0	0	0
mmu-miR-290b-5p	0	0	0	0	0	0	0	0	0	0	0	0	0	0	0	0	0	0	0	0	0	0	1	1	0	0	0	0
mmu-miR-290b-3p	0	0	0	0	0	0	0	0	0	0	0	0	0	0	0	0	0	0	0	0	0	0	0	0	0	0	0	0
mmu-miR-7687-5p	0	0	0	0	0	0	0	0	0	0	0	0	0	0	0	0	0	0	0	0	0	0	0	0	0	0	0	0
mmu-miR-7687-3p	0	0	0	0	0	0	0	0	0	0	0	0	0	2	1	0	0	1	0	0	0	0	0	0	0	0	0	0
mmu-miR-1258-5p	0	0	0	0	0	0	0	0	0	0	0	0	0	0	0	0	0	0	0	0	0	0	0	0	0	0	0	0
mmu-miR-1258-3p	0	0	0	0	0	0	0	0	0	0	0	0	0	0	0	0	0	0	0	0	0	0	0	0	0	0	0	0
mmu-miR-7688-5p	0	0	0	0	0	0	0	0	2	2	0	0	2	0	0	0	0	0	0	0	0	0	1	0	0	0	0	0
mmu-miR-7688-3p	0	0	0	0	0	0	0	0	0	0	0	0	0	0	0	0	0	0	0	0	0	0	0	0	0	0	0	0
mmu-miR-7689-5p	0	0	0	0	0	0	0	0	0	0	0	0	0	0	0	0	0	0	0	0	0	0	0	0	0	0	0	0
mmu-miR-7689-3p	0	0	0	0	0	0	0	0	0	0	0	0	0	1	1	2	2	0	0	0	0	0	0	1	1	0	1	0
mmu-miR-7243-5p	0	0	0	0	0	0	0	0	0	0	0	0	0	0	0	0	0	0	0	0	0	0	0	0	0	0	0	0
mmu-miR-7243-3p	0	0	0	0	0	0	0	0	0	0	0	0	0	0	0	0	0	0	0	0	0	0	0	0	0	0	0	0
mmu-miR-3473f	0	0	0	0	0	0	0	0	0	0	0	0	0	0	0	0	0	0	0	0	0	0	0	0	0	0	0	0
mmu-miR-8090	0	0	0	0	0	0	0	0	0	0	0	0	0	0	0	0	0	0	0	0	0	0	0	0	0	0	0	0
mmu-miR-8091	0	0	0	0	0	0	0	0	0	0	2	1	0	0	0	0	0	0	0	0	0	0	0	0	0	0	0	0
mmu-miR-8092	0	0	0	0	0	0	0	0	0	0	0	0	0	0	0	0	0	0	0	0	0	0	0	0	1	0	0	0
mmu-miR-8093	0	0	0	0	0	0	0	0	0	0	0	0	0	0	0	0	0	0	0	0	0	0	0	0	0	0	0	0
mmu-miR-8094	0	0	0	0	0	1	0	0	0	0	0	0	0	0	0	1	0	0	0	0	0	0	0	0	0	0	0	0
mmu-miR-8095	0	0	0	0	0	0	0	0	0	0	0	0	0	0	0	0	0	0	0	0	0	0	0	0	0	0	0	0
mmu-miR-1291	0	0	0	0	5	1	2	0	1	2	3	0	0	2	2	3	4	1	1	3	2	4	1	6	2	1	3	5
mmu-miR-8096	0	0	0	0	0	0	0	0	0	0	0	0	0	0	0	0	0	0	0	0	0	0	0	0	0	0	0	0
mmu-miR-8097	0	0	0	0	0	0	0	0	0	0	0	0	0	1	0	0	0	0	0	0	0	0	0	0	1	0	0	0
mmu-miR-8098	0	0	0	0	0	0	0	0	0	0	0	0	0	0	0	0	0	0	0	0	0	0	0	0	0	0	0	0
mmu-miR-8099	0	0	0	0	0	0	0	0	0	0	0	0	0	0	0	0	0	0	0	0	0	0	0	0	0	0	0	0
mmu-miR-142b	0	0	0	0	0	0	0	0	0	0	0	0	0	0	0	0	0	0	0	0	0	0	0	0	0	0	0	0
mmu-miR-8100	0	0	0	0	0	0	0	0	0	0	0	0	0	0	0	0	0	0	0	0	0	0	0	0	0	0	0	0
mmu-miR-497b	0	0	0	0	0	0	0	0	0	0	0	0	0	0	1	0	0	1	0	0	0	0	0	0	0	0	0	0
mmu-miR-8101	0	0	0	0	0	0	0	0	0	0	0	0	0	0	0	0	0	0	0	0	0	0	0	0	0	0	0	0
mmu-miR-8102	0	0	0	0	0	0	0	0	0	0	0	0	0	0	0	0	0	0	0	0	0	0	0	0	0	0	0	0
mmu-miR-8103	0	0	0	0	0	0	0	0	0	0	0	0	0	0	0	0	0	0	0	1	0	0	0	0	0	0	0	0
mmu-miR-8104	0	0	0	0	0	0	0	0	0	0	0	0	0	0	0	0	0	0	0	0	0	0	0	0	0	0	0	0
mmu-miR-8105	0	0	0	0	0	0	0	0	0	0	0	0	0	0	0	0	0	0	0	0	0	0	0	0	0	0	0	0
mmu-miR-3535	483	653	1493	476	550	482	337	552	328	245	320	343	133	162	221	185	116	179	137	333	260	252	60	265	209	77	177	20
mmu-miR-8106	0	0	0	0	0	0	0	0	0	0	0	0	0	0	0	0	0	0	0	0	0	0	0	0	0	0	0	0
mmu-miR-8107	0	0	0	0	0	0	0	0	0	0	0	0	0	0	0	1	0	0	0	0	0	0	0	0	0	0	0	0
mmu-miR-8108	0	0	0	0	0	0	0	0	0	0	0	0	0	0	0	0	0	0	0	1	0	0	0	0	0	0	0	0
mmu-miR-1668	1	0	0	0	0	0	0	0	0	0	0	0	0	0	0	0	0	1	0	0	0	0	0	0	0	0	0	0
mmu-miR-8109	0	0	0	3	0	0	0	0	0	0	0	0	0	0	0	0	0	0	0	0	0	0	0	0	0	0	0	0
mmu-miR-8110	0	0	0	0	0	0	0	0	0	0	0	0	0	0	0	0	0	0	0	0	0	0	0	0	0	0	0	0
mmu-miR-8111	0	0	0	0	0	0	0	0	0	0	0	0	0	0	0	0	0	0	0	2	0	0	0	0	0	0	0	0
mmu-miR-8112	0	0	0	0	0	0	0	0	0	0	0	0	0	0	0	0	0	0	0	0	0	0	0	0	0	0	0	0
mmu-miR-8113	0	0	0	0	0	0	0	0	0	0	0	0	0	0	0	0	0	0	0	0	0	0	0	0	0	0	0	0
mmu-miR-8114	4	2	0	3	1	2	2	1	1	2	2	0	1	2	2	0	0	0	3	5	3	5	2	5	1	0	1	2
mmu-miR-8115	0	0	0	0	0	0	0	0	0	0	0	0	0	0	0	0	0	0	0	0	0	0	0	0	0	0	0	0
mmu-miR-8116	0	0	0	0	0	0	0	0	0	0	1	0	0	0	0	0	0	0	0	0	0	0	0	0	0	0	0	0
mmu-miR-8117	0	3	0	12	0	2	0	0	0	0	1	0	0	0	0	1	0	0	1	0	0	0	1	7	0	0	0	0
mmu-miR-8118	1	0	0	0	0	0	1	0	0	0	0	0	0	0	0	0	1	0	1	0	0	1	1	0	0	0	1	0
mmu-miR-8119	0	0	0	0	0	0	0	0	0	0	0	0	0	0	0	0	0	0	0	0	0	0	0	0	0	0	0	0
mmu-miR-8120	0	0	0	0	0	0	0	0	0	0	0	0	0	0	0	0	0	0	0	0	0	0	0	0	0	0	0	0
mmu-miR-3473g	0	0	6	0	0	0	0	0	0	0	0	0	0	0	0	0	0	0	0	0	0	0	0	0	0	0	0	0
mmu-miR-3154	0	0	0	0	0	0	0	0	0	0	0	1	0	0	0	0	0	0	0	0	0	0	0	0	0	0	0	0
mmu-miR-3552	0	0	0	0	0	0	0	0	0	0	0	0	0	0	0	0	0	0	0	0	0	0	0	0	0	0	0	0
mmu-miR-3618-5p	0	0	0	0	0	0	0	0	0	0	0	0	0	0	0	0	0	0	0	0	0	0	0	0	0	0	0	0
mmu-miR-3618-3p	0	0	0	0	0	0	0	0	0	0	0	0	1	0	0	0	0	0	0	0	0	0	0	0	0	0	0	0
mmu-miR-935	11	13	12	8	19	10	37	18	8	12	12	19	31	19	11	8	35	32	33	33	49	48	71	82	36	7	50	8
mmu-miR-9718	0	0	0	0	0	0	0	0	0	0	0	0	0	0	0	0	0	0	0	0	0	0	0	0	0	0	0	0
mmu-miR-9768-5p	0	0	0	0	0	0	0	0	0	0	0	0	0	0	0	0	0	0	0	0	0	0	0	0	0	0	0	0
mmu-miR-9768-3p	0	0	0	0	0	0	0	0	0	0	0	0	0	0	0	0	0	0	0	0	0	0	0	0	0	0	0	0
mmu-miR-9769-5p	0	0	0	0	0	0	0	0	0	0	0	0	0	0	0	0	0	0	0	0	0	0	0	0	0	0	0	0
mmu-miR-9769-3p	0	0	0	0	0	0	0	0	0	0	0	0	0	0	0	0	0	0	0	0	0	0	0	0	0	0	0	0
mmu-miR-1271-5p	0	0	0	0	0	0	0	0	0	0	0	0	0	0	0	0	0	0	0	0	0	0	0	0	0	0	0	0
mmu-miR-1271-3p	0	0	0	0	0	0	0	0	0	0	0	0	0	0	0	0	0	0	0	0	0	0	0	0	0	0	0	0
mmu-miR-1911-5p	0	0	0	0	0	0	0	0	0	0	0	0	0	0	0	0	0	0	0	0	0	0	0	0	0	0	0	0
mmu-miR-1911-3p	0	0	0	0	0	0	0	0	0	0	0	0	0	0	0	0	0	0	0	0	0	0	0	0	0	0	0	0
mmu-miR-5104b-5p	0	0	0	0	0	0	0	0	0	0	0	0	0	0	0	0	0	0	0	0	0	0	0	0	0	0	0	0
mmu-miR-12178-5p	0	0	0	0	0	0	0	0	0	0	0	0	0	0	0	0	0	0	0	0	0	0	0	0	0	0	0	0
mmu-miR-12178-3p	0	0	0	0	0	0	0	0	0	0	0	0	0	0	0	0	0	0	0	0	0	0	0	0	0	0	0	0
mmu-miR-12179-5p	0	0	0	2	0	0	0	0	0	0	0	0	0	0	2	0	0	1	0	1	0	0	1	0	1	0	1	1
mmu-miR-12180-3p	0	0	0	0	0	0	0	0	0	0	0	0	0	0	0	0	0	0	0	0	0	0	0	0	0	0	0	0
mmu-miR-12181-5p	0	0	0	0	0	0	0	0	0	0	0	0	0	0	0	0	0	0	0	0	0	0	0	0	0	0	0	0
mmu-miR-12181-3p	0	0	0	0	0	0	0	0	0	0	0	0	0	0	0	0	0	0	0	0	0	0	0	0	1	0	0	0
mmu-miR-12182-5p	0	0	0	0	0	0	0	0	0	0	0	0	0	0	0	0	0	0	0	0	0	0	0	0	0	0	0	0
mmu-miR-12182-3p	0	0	0	0	0	0	0	0	0	1	0	0	0	0	0	0	0	0	0	0	0	0	0	0	0	0	0	0
mmu-miR-12183-5p	0	0	0	0	0	0	0	0	0	0	0	0	0	0	0	0	0	0	0	0	0	0	0	0	0	0	0	0
mmu-miR-203b-5p	0	0	0	0	0	0	0	0	0	0	0	0	0	0	0	0	0	0	0	0	0	0	0	0	0	0	0	0
mmu-miR-203b-3p	4	5	7	6	5	1	4	2	0	2	0	1	2	1	1	1	1	1	1	1	0	0	1	0	0	0	1	0
mmu-miR-12184-5p	0	2	0	0	0	0	0	0	0	0	0	0	0	0	0	0	0	0	0	0	0	0	0	0	0	0	0	0
mmu-miR-12184-3p	0	0	0	0	0	0	0	0	0	0	0	0	0	0	0	0	0	0	0	0	0	0	0	0	1	0	0	0
mmu-miR-9b-5p	0	0	0	0	0	0	0	0	0	0	0	0	0	0	0	0	0	0	0	0	0	0	0	0	0	0	1	0
mmu-miR-9b-3p	0	0	0	0	0	0	0	0	0	0	0	0	0	0	0	0	0	0	0	0	0	0	0	0	0	0	0	0
mmu-miR-12185-5p	0	0	0	0	0	0	0	0	0	0	0	0	0	0	0	0	0	0	0	0	0	0	0	0	0	0	0	0
mmu-miR-12185-3p	0	0	0	0	0	0	0	0	0	0	1	0	0	0	0	0	0	0	0	0	0	0	0	0	0	0	0	0
mmu-miR-12186-5p	0	0	0	0	0	0	0	0	0	0	0	0	0	0	0	0	0	0	0	0	0	0	0	0	0	0	0	0
mmu-miR-12186-3p	0	0	0	0	0	0	0	0	0	0	0	0	0	0	0	0	0	0	0	0	0	0	0	0	0	0	0	0
mmu-miR-12187-5p	0	0	0	0	0	0	0	0	0	0	0	0	0	0	0	0	0	0	0	0	0	0	0	0	0	0	0	0
mmu-miR-12187-3p	0	0	0	0	0	0	0	0	0	0	0	0	0	0	0	0	2	0	0	0	1	0	0	0	0	0	0	0
mmu-miR-1970b-5p	1	0	0	0	0	0	0	0	0	0	0	0	2	1	1	0	2	5	2	1	5	2	7	2	2	0	4	0
mmu-miR-12188-5p	0	0	0	0	0	0	0	0	0	0	0	0	0	0	2	1	0	0	0	0	0	0	0	0	0	0	0	0
mmu-miR-12188-3p	2	0	0	0	0	0	0	0	0	0	0	0	0	0	0	0	0	0	0	0	0	0	1	0	0	0	0	0
mmu-miR-3083b-5p	0	0	0	0	0	0	0	0	0	0	1	0	0	0	0	0	0	0	0	0	0	0	0	0	0	0	0	0
mmu-miR-3083b-3p	0	0	0	0	0	0	0	0	0	0	0	0	0	0	0	0	0	0	0	0	0	0	0	1	0	0	0	0
mmu-miR-12189-3p	4	0	0	0	0	0	1	0	0	0	0	0	0	0	0	0	0	2	0	0	0	0	0	1	0	0	1	0
mmu-miR-12190-3p	0	0	0	0	0	0	0	0	0	0	0	0	0	0	0	0	0	0	0	0	0	0	0	0	0	0	0	0
mmu-miR-12191-5p	0	0	0	0	0	0	0	0	0	0	0	0	0	0	0	0	0	0	0	0	0	0	0	0	0	0	0	0
mmu-miR-12191-3p	5	8	10	0	4	6	2	9	3	1	3	4	2	3	3	2	0	0	0	0	2	0	0	0	0	0	0	1
mmu-miR-122b-5p	0	0	0	0	0	0	0	0	0	0	0	0	0	0	1	0	0	0	0	0	0	0	0	0	0	0	0	0
mmu-miR-122b-3p	0	0	0	0	0	0	0	0	0	0	0	0	0	0	0	0	0	0	0	0	0	0	0	0	0	0	0	0
mmu-miR-12192-5p	0	0	0	0	0	0	0	0	0	1	0	0	0	0	0	0	0	0	0	0	0	0	0	0	0	0	0	0
mmu-miR-12193-5p	0	0	0	0	0	0	0	0	0	0	0	0	0	0	0	0	0	0	0	0	0	0	0	0	0	0	0	0
mmu-miR-12193-3p	0	0	0	0	0	0	0	0	0	0	0	0	0	0	0	0	0	0	0	0	0	0	0	0	0	0	0	0
mmu-miR-124b-3p	9	4	0	8	3	4	2	1	0	0	0	0	0	0	1	1	5	5	3	1	2	3	7	7	3	0	8	0
mmu-miR-12194-3p	0	0	0	0	1	0	0	0	0	0	0	0	0	0	0	1	0	0	0	1	0	0	0	0	0	0	2	0
mmu-miR-12195-5p	0	0	0	0	0	0	0	0	0	0	1	0	0	0	0	0	0	0	0	0	0	0	0	0	0	0	0	0
mmu-miR-12195-3p	0	0	0	0	0	0	0	0	0	0	0	0	0	0	0	0	0	0	0	0	0	0	0	0	0	0	0	0
mmu-miR-3473h-5p	0	0	0	0	0	0	0	0	0	0	1	1	0	0	0	0	0	0	1	0	0	0	0	0	0	0	0	0
mmu-miR-12196-5p	0	0	0	0	0	0	0	0	0	0	0	0	0	0	0	0	0	0	0	0	0	0	0	0	0	0	0	0
mmu-miR-12196-3p	0	0	0	0	0	0	0	0	0	0	0	0	0	0	0	0	0	0	0	0	0	0	0	0	0	0	0	0
mmu-miR-12197-3p	0	0	0	0	0	0	0	0	0	0	0	0	0	0	0	0	0	0	0	0	0	0	0	0	0	0	0	0
mmu-miR-12198-3p	0	1	0	0	0	0	2	1	0	1	1	0	1	1	0	0	0	0	0	0	0	0	0	0	0	0	0	0
mmu-miR-12199-3p	0	0	0	0	0	0	0	0	0	0	0	0	0	0	0	0	0	0	0	0	0	0	0	0	0	0	0	0
mmu-miR-12200-5p	0	0	0	0	0	0	0	0	0	0	0	0	0	0	0	0	0	0	0	0	0	0	0	0	0	0	0	0
mmu-miR-12200-3p	0	0	0	0	0	0	0	0	0	0	0	0	0	0	0	0	0	0	0	0	0	0	0	0	0	0	0	0
mmu-miR-12201-5p	0	0	0	0	0	0	0	0	0	0	0	0	0	0	0	0	0	0	0	0	0	0	0	0	0	0	0	0
mmu-miR-12201-3p	0	0	0	0	0	0	0	0	0	0	0	0	0	0	0	0	0	0	0	0	0	0	0	0	0	0	0	0
mmu-miR-12202-5p	0	0	0	0	0	0	0	0	0	0	0	0	0	0	0	0	0	0	0	0	0	0	0	0	0	0	0	0
mmu-miR-12202-3p	1	0	0	0	0	0	0	0	0	0	0	2	4	0	0	0	2	3	4	2	0	1	2	3	3	0	0	0
mmu-miR-12203-5p	0	0	0	0	0	0	0	0	0	0	0	0	0	0	0	0	0	0	0	0	0	0	0	0	0	0	0	0
mmu-miR-12203-3p	0	0	0	0	0	0	0	0	0	0	0	0	0	0	0	0	0	0	0	0	0	0	0	0	0	0	0	0
mmu-miR-12204-5p	0	0	0	0	0	0	0	0	0	0	0	0	0	0	0	0	0	0	0	0	0	0	0	0	0	0	0	0
mmu-miR-1970c-5p	0	1	0	1	0	0	0	0	0	1	0	0	1	0	0	0	0	0	0	0	0	0	0	0	0	0	1	0
mmu-miR-1970c-3p	0	0	0	0	0	0	0	0	0	0	0	0	0	0	0	0	1	0	0	0	0	0	0	0	0	0	1	0
mmu-miR-12205-5p	0	0	0	0	0	0	0	0	0	0	0	0	0	0	0	0	0	0	0	0	0	0	0	0	1	0	0	0
mmu-miR-12205-3p	0	0	0	0	0	0	0	0	0	0	0	0	0	0	0	0	0	0	0	0	0	0	0	0	1	0	0	0
mmu-miR-12206-5p	0	0	0	0	0	0	0	0	0	1	1	2	0	0	1	1	0	0	2	0	0	0	0	0	0	0	5	0
